Id,Overall Qual,Exter Qual,Bsmt Qual,Kitchen Qual,Fireplace Qu,Garage Finish
109,6,4,3,4,0,2
544,7,4,4,4,3,2
153,5,3,3,4,0,1
318,5,3,4,3,0,3
255,6,3,2,3,0,1
138,6,4,3,4,4,3
2827,6,3,4,3,0,3
145,5,3,3,3,0,2
1942,5,3,3,3,0,1
1956,5,3,4,2,3,1
1044,6,3,3,3,0,1
2752,7,4,4,4,0,2
807,5,4,0,3,3,1
1177,8,4,4,4,0,1
1480,7,4,4,4,0,2
324,5,3,5,4,0,2
1311,5,3,3,3,0,1
770,5,3,3,3,0,1
2063,6,3,3,3,3,2
69,7,3,4,4,0,1
2062,5,3,4,3,1,3
351,8,4,4,5,5,3
2393,8,4,5,5,4,3
12,6,3,4,3,0,3
2339,5,3,3,3,0,3
624,6,3,3,3,3,2
86,5,3,3,3,4,1
1534,5,3,3,4,4,1
2243,5,3,3,3,0,0
1957,5,3,3,3,1,1
380,8,4,4,4,4,3
2860,8,3,4,4,4,1
2517,8,4,4,5,4,3
1933,6,3,3,3,0,1
820,8,4,5,4,4,2
675,6,3,4,3,4,2
2910,5,3,3,3,3,2
21,6,3,4,3,3,2
1873,7,3,3,3,3,1
2125,5,3,4,3,0,1
1489,5,4,3,3,0,3
2383,10,5,5,5,4,3
983,5,3,4,4,3,3
1325,5,3,3,3,0,1
1378,5,3,3,3,0,1
1537,8,3,3,3,4,3
905,5,3,3,3,0,1
1532,7,3,4,3,4,2
132,5,3,3,3,0,2
1078,7,4,4,4,0,2
2511,6,4,4,4,0,1
912,4,3,3,4,3,1
2351,7,3,4,4,3,2
330,4,3,3,3,0,0
2586,6,3,3,4,4,1
224,6,3,3,3,0,3
98,7,4,4,4,0,2
2565,5,3,3,3,0,1
1934,6,3,3,3,0,3
997,6,3,4,3,3,3
64,8,4,4,4,4,3
1799,8,4,4,5,4,3
230,7,4,4,3,3,2
1295,5,2,3,5,4,1
638,5,3,3,4,0,1
2278,5,3,4,3,0,0
2202,7,3,4,3,4,1
2833,7,4,4,4,0,1
1707,9,5,5,5,4,3
2428,7,4,4,4,4,3
242,7,4,4,4,3,2
1564,7,4,5,4,0,3
2613,6,3,3,3,2,3
2832,7,4,4,4,0,1
2459,7,4,4,4,0,2
1360,6,4,3,3,0,1
2723,5,3,3,2,4,1
1350,4,3,3,2,0,1
136,5,3,3,3,0,1
2235,5,4,3,3,0,0
1993,5,3,3,3,0,1
367,9,5,5,5,4,3
1309,5,3,3,3,4,1
402,4,3,3,3,0,1
1592,6,3,5,3,0,2
2409,9,5,5,4,4,2
539,7,4,4,4,0,2
1940,5,3,4,3,0,1
588,5,3,4,3,2,2
96,7,4,4,4,0,2
1187,6,3,3,3,0,2
2154,7,4,4,4,3,2
550,7,4,4,4,0,2
811,5,3,0,3,0,1
124,5,3,3,3,4,2
1836,8,4,4,4,0,3
779,6,3,3,3,3,2
1886,5,3,3,4,4,1
1724,9,5,5,5,4,3
2450,8,4,4,4,5,2
1013,9,5,5,5,4,3
2084,4,3,3,3,0,0
1184,8,5,4,5,4,2
728,3,3,2,3,0,0
950,6,3,5,4,3,3
2524,5,3,4,3,0,3
2513,7,4,4,4,0,1
2028,6,3,3,4,4,1
2309,6,3,4,5,4,1
51,7,4,4,4,0,2
699,5,3,3,3,4,1
1881,5,3,3,3,3,2
1345,5,3,3,3,4,1
166,6,3,3,3,0,1
781,2,3,0,2,0,0
379,6,3,3,3,3,3
2818,5,3,3,2,4,3
1168,9,4,4,5,3,3
1396,5,3,3,3,3,1
838,6,3,4,4,0,2
1492,5,3,3,3,4,0
637,5,3,3,3,0,2
1826,5,3,3,3,0,1
173,5,3,3,3,4,1
715,5,3,3,3,0,1
1183,9,4,4,4,4,2
2433,8,4,5,4,4,3
2866,7,3,3,4,4,1
2311,6,3,3,3,3,3
1551,5,2,4,3,1,1
1049,7,3,4,3,0,1
657,5,3,3,4,0,1
414,6,3,4,3,3,1
1181,8,4,4,4,4,3
1514,5,3,3,3,0,0
1040,6,3,3,3,0,1
216,5,3,3,3,0,0
1720,8,4,4,4,4,2
2331,10,5,5,5,5,3
204,6,4,3,4,0,0
19,4,3,3,3,0,1
2438,6,3,4,3,3,3
89,5,3,3,3,0,1
240,5,3,3,3,0,3
105,8,4,5,4,4,2
2020,6,3,3,3,4,1
888,7,4,0,4,5,2
1019,6,3,4,4,3,3
2132,7,4,4,4,3,3
203,4,3,3,3,3,1
420,5,4,3,3,3,2
2333,9,4,5,5,4,3
632,6,3,3,3,4,2
2800,7,4,4,4,3,2
1885,5,3,3,3,0,3
1734,6,3,4,4,0,3
2327,8,3,4,3,0,2
1282,6,3,3,3,0,2
2688,4,3,3,3,0,1
2581,5,3,3,4,2,1
2067,5,3,3,4,0,1
2115,7,4,4,4,3,2
754,5,3,3,3,0,0
1079,7,4,4,4,0,2
2615,5,3,3,3,0,1
329,5,3,4,3,0,1
1320,7,3,3,3,4,1
416,6,3,3,3,3,1
284,4,3,4,2,0,1
1385,5,3,4,3,0,1
275,5,3,2,3,0,1
2024,6,3,3,4,0,1
68,7,4,4,4,0,2
1910,5,3,3,4,4,1
381,7,3,4,3,3,2
1323,7,3,3,3,4,1
2432,6,4,4,4,4,3
777,5,3,3,3,1,1
1107,7,4,4,4,3,2
30,6,3,3,3,0,1
282,4,3,4,3,0,2
188,6,3,3,3,0,1
2356,5,3,4,3,0,2
1554,1,2,0,2,0,1
1464,7,4,4,4,0,2
2469,7,4,4,4,3,1
1834,8,4,4,4,3,3
1779,8,4,4,4,0,1
2569,7,3,3,4,4,3
2334,8,5,5,5,4,3
2330,9,4,5,5,4,3
2119,8,4,4,4,2,3
988,6,3,3,4,3,2
382,7,3,4,3,3,2
670,5,3,3,3,0,1
2760,8,4,5,5,0,3
543,7,4,4,4,0,2
2835,6,3,2,3,0,1
1735,7,4,4,4,4,3
448,10,5,5,5,5,3
2287,4,3,4,3,0,3
524,10,5,5,5,5,3
1767,7,4,4,4,3,3
2206,7,3,3,3,4,1
1740,7,4,4,4,0,3
199,5,3,3,3,0,3
2214,6,3,4,3,4,1
323,5,3,3,3,3,1
2421,7,4,4,4,3,3
952,6,3,4,3,2,2
24,6,3,3,3,3,3
1139,7,4,4,4,0,3
518,7,4,5,4,0,3
1390,5,3,3,4,0,3
277,5,3,4,3,0,2
54,8,4,4,4,3,3
649,5,4,3,4,0,1
2600,4,3,2,2,0,1
617,6,3,3,3,3,2
2209,5,3,2,2,4,1
2814,6,3,4,4,0,2
2542,5,3,3,3,0,1
2323,8,4,4,4,0,3
1393,6,3,4,3,4,2
490,7,3,4,3,3,2
542,5,3,4,4,0,1
973,6,3,5,3,0,3
1012,9,4,4,5,4,3
2218,5,3,3,3,0,1
2033,6,3,3,3,4,1
1071,9,5,5,5,4,3
1583,6,4,4,4,2,2
2858,7,3,3,4,4,1
2265,7,3,4,4,0,1
1088,7,4,4,4,0,3
698,5,4,3,3,0,0
1896,6,3,3,4,4,2
628,6,3,4,4,4,3
1212,6,3,4,3,0,2
2864,7,4,3,3,4,1
2740,5,3,0,3,5,2
2560,5,3,3,3,4,2
1716,6,4,4,4,4,2
1130,7,4,4,4,0,3
201,6,3,2,3,4,1
2886,6,3,4,2,3,3
2328,7,4,4,4,3,2
2583,6,3,3,4,0,2
1206,4,3,3,3,0,1
2242,2,3,0,3,0,1
1105,8,4,4,4,3,2
121,5,3,4,3,0,2
1223,4,3,3,3,0,1
265,8,4,4,4,3,2
2813,7,4,4,4,0,1
1294,4,3,3,3,0,1
2745,5,3,0,3,4,0
1094,7,4,4,3,3,2
651,3,3,2,3,0,1
198,6,3,3,3,0,1
131,3,3,3,2,0,0
1258,4,4,3,3,0,1
1599,5,3,3,4,0,1
1508,4,3,4,3,0,2
615,4,2,3,2,0,0
1815,6,4,4,4,0,2
2712,5,3,3,3,0,3
2051,4,3,3,3,0,1
1863,7,4,4,4,3,3
2510,7,4,4,4,0,2
1069,8,4,5,4,4,3
336,5,3,4,4,0,1
2417,6,4,4,3,0,2
1962,5,3,3,4,0,2
372,6,3,4,3,3,1
2578,5,3,3,3,3,2
2824,6,3,4,4,0,0
471,7,4,4,4,3,3
1544,6,3,4,3,3,3
2141,5,3,3,3,0,1
2008,5,3,3,3,4,1
1075,9,5,5,5,4,2
34,6,3,3,4,3,1
847,7,4,4,4,0,2
1629,7,3,4,4,3,3
2073,6,3,4,3,3,3
960,9,5,5,5,5,3
955,5,3,4,3,0,1
2476,7,4,4,4,0,3
1590,7,3,4,3,0,3
2913,5,3,3,3,0,1
149,4,3,3,3,0,1
2525,7,3,3,4,3,2
1470,6,4,4,4,0,2
412,7,3,4,3,2,2
1399,6,3,4,4,4,1
183,6,3,3,3,0,1
974,4,3,4,3,0,1
930,5,3,3,2,3,1
881,7,4,4,4,0,2
1180,8,4,4,4,2,3
1553,5,3,3,3,0,3
928,7,3,3,2,4,1
1512,4,3,5,3,0,1
3,6,3,3,4,0,1
2140,5,3,3,3,0,1
553,4,2,3,3,0,1
2594,6,3,3,3,0,1
1314,6,3,4,3,4,1
366,8,4,4,4,5,2
1462,8,4,5,4,4,2
2541,6,3,3,3,4,2
2088,4,2,3,3,0,1
527,7,4,4,4,0,3
1824,5,3,3,3,3,2
2918,4,3,3,3,0,1
49,9,5,5,5,4,2
2332,9,4,5,4,4,3
826,9,4,5,5,0,3
1108,7,4,4,4,4,3
2041,5,3,3,3,0,1
57,7,4,4,4,4,3
520,7,4,4,4,0,2
2305,5,3,3,3,0,2
2533,5,3,3,3,0,2
2852,6,3,3,3,0,1
1198,5,3,3,3,0,1
1681,6,3,4,3,3,2
1773,8,4,4,4,4,2
1825,5,3,3,3,0,3
2208,5,3,3,3,4,1
1646,6,3,4,3,3,3
1060,10,5,5,5,5,3
748,6,3,3,4,0,1
2846,5,3,3,3,0,0
493,7,4,4,4,3,2
694,6,3,3,4,0,1
2283,4,3,3,3,3,3
1800,8,4,5,5,4,3
1632,8,4,4,4,0,2
2624,5,3,3,3,0,2
2197,6,3,3,4,3,1
1045,6,3,3,3,0,1
2549,6,3,3,3,0,2
2829,7,4,4,4,0,1
2480,6,4,4,4,0,2
2724,4,3,3,3,0,1
2352,6,3,4,3,3,2
1783,8,4,5,4,4,2
338,5,3,4,3,0,1
196,6,3,3,3,4,1
762,4,3,2,2,0,1
151,5,3,3,3,0,1
158,6,3,3,3,4,1
2572,6,3,3,3,0,2
1686,9,5,5,4,4,1
943,3,2,3,2,0,0
735,6,4,3,3,0,1
2741,5,3,3,4,0,1
1106,8,4,4,4,3,3
2375,5,3,3,3,3,2
1701,9,4,5,5,5,3
2657,3,3,3,2,0,1
907,5,3,3,3,0,1
1777,8,4,4,4,4,1
164,5,3,3,3,0,1
1973,5,3,3,3,1,2
2857,5,3,2,3,0,1
1208,5,3,3,3,0,2
319,8,4,5,5,4,3
2567,6,3,3,3,4,2
2222,7,3,3,3,4,1
2493,5,3,3,3,0,1
1757,7,3,4,3,3,2
184,8,4,3,4,0,1
1248,5,3,3,3,0,1
2574,5,3,3,3,3,2
1215,5,3,3,3,0,2
1614,7,3,4,3,4,3
2039,5,3,3,2,0,1
2669,5,3,3,3,0,1
1005,6,3,4,3,3,3
753,6,3,3,3,0,0
1275,6,3,3,3,0,1
2350,6,3,4,3,3,1
2762,7,4,4,4,4,3
2788,5,3,3,3,0,1
2384,7,4,5,4,0,2
2716,5,3,3,3,3,2
313,6,3,3,3,0,1
84,6,3,0,3,0,1
81,6,3,4,3,0,1
2389,9,4,4,5,4,3
280,6,3,3,3,3,1
190,4,3,3,3,0,1
2371,6,3,3,3,0,1
213,6,3,2,3,0,1
1864,6,3,3,3,0,2
37,9,5,5,5,4,3
146,5,3,3,3,4,1
809,5,3,4,3,3,1
767,6,3,3,3,0,1
262,5,3,3,3,0,1
101,6,4,4,4,0,1
48,8,4,4,4,5,3
489,6,3,4,3,3,3
2369,6,3,3,3,0,0
707,5,3,3,4,0,1
1556,4,3,3,3,0,1
2034,6,3,3,4,0,0
308,4,2,3,3,0,2
2176,6,3,3,3,2,2
1549,5,3,3,3,4,3
909,6,3,3,3,4,1
892,9,5,5,5,4,3
2045,7,3,3,3,4,3
2927,5,3,4,3,0,1
1732,6,4,4,4,4,2
998,5,4,4,4,0,1
2203,6,3,3,3,4,1
356,6,4,4,3,3,3
2475,6,3,4,4,0,1
2264,8,4,4,4,4,2
2201,5,3,4,4,3,1
2545,6,3,3,4,3,2
2660,7,3,4,3,3,1
2882,5,2,3,3,0,0
1379,6,3,3,3,2,1
491,7,4,4,4,3,3
1002,8,4,4,4,3,2
1848,7,4,4,4,0,1
1455,8,4,4,4,4,2
908,2,3,3,2,0,1
1490,5,3,4,3,0,2
1465,7,4,4,4,4,2
1627,7,3,4,4,0,2
2849,6,3,3,3,0,1
1501,4,3,0,2,0,0
626,6,3,3,4,4,1
722,7,3,3,3,0,1
2260,7,4,4,4,0,3
1639,5,3,4,3,0,1
1603,5,3,3,3,0,1
1520,7,3,3,3,4,1
1665,7,3,3,4,0,3
2635,5,3,3,3,0,0
581,6,3,3,3,3,2
2435,8,4,4,4,3,2
2799,7,3,4,4,3,2
883,6,4,4,4,0,3
2537,5,3,4,3,0,2
1120,8,4,5,4,4,3
774,6,3,4,3,2,3
1447,5,3,4,3,0,1
104,7,4,4,4,0,2
2694,6,3,3,3,4,1
920,5,3,3,3,3,1
1951,5,3,4,4,0,0
9,8,4,4,4,3,2
2848,5,3,2,2,0,1
614,5,3,3,3,0,2
1736,7,4,4,4,0,3
2686,5,3,3,3,0,1
2257,7,4,4,4,3,3
1284,6,3,3,3,0,1
1765,9,4,5,4,3,3
1811,6,4,4,4,0,2
2603,4,3,2,3,3,1
2220,6,3,3,4,3,1
2273,7,4,4,4,4,3
163,5,3,3,4,0,2
2116,6,4,4,4,3,3
2734,5,3,3,3,3,1
426,8,4,4,4,4,2
2216,4,3,3,4,3,1
2900,8,4,5,4,4,3
97,7,4,4,4,0,2
1680,5,3,3,3,0,1
1133,6,4,4,4,0,2
2761,7,4,4,4,0,2
1642,8,4,5,4,4,2
1141,6,4,4,4,0,2
2118,6,3,3,4,0,3
870,8,4,4,4,3,3
1875,5,3,3,4,0,2
155,5,3,0,3,1,1
1318,6,3,3,3,4,0
1285,5,3,2,3,0,1
2400,9,4,5,5,4,3
1068,8,4,5,4,3,3
361,6,3,4,3,3,2
1493,4,3,4,3,0,2
1110,8,4,4,4,3,3
911,6,3,3,3,4,1
2535,6,3,3,4,2,2
2030,5,3,3,3,0,1
2634,5,3,3,3,0,1
1530,6,3,3,3,0,1
435,9,5,5,5,4,2
812,5,3,0,3,0,1
1202,6,3,3,4,0,1
666,3,3,3,3,0,1
1751,7,4,4,4,4,3
705,4,2,2,3,0,1
1744,8,4,4,4,3,3
357,6,4,4,3,3,2
2133,7,4,4,4,0,2
989,5,4,3,3,3,2
562,5,3,3,3,1,1
1054,9,5,5,5,4,3
2850,7,3,3,4,4,1
1082,7,4,4,4,3,2
1440,7,4,4,4,0,2
2006,5,3,3,3,4,1
2082,4,3,0,4,0,1
2344,7,4,4,4,0,1
248,7,4,4,4,3,3
2276,10,5,5,5,4,3
755,6,3,3,3,0,1
1178,10,5,4,5,3,3
2636,5,4,2,3,0,1
2077,4,3,3,3,0,1
2930,7,3,4,3,3,3
737,6,3,3,3,4,1
837,5,3,3,3,0,2
2086,5,3,2,3,0,1
2385,9,5,5,5,4,3
189,4,3,2,3,0,1
635,6,3,3,3,4,2
432,10,5,5,5,4,2
900,5,3,3,3,0,0
966,8,4,5,4,0,3
1612,6,3,3,3,4,1
904,5,3,3,3,4,1
2487,5,3,3,3,0,1
1304,5,3,3,3,0,3
2112,7,4,4,4,0,2
1244,6,3,3,3,0,1
843,7,3,4,4,0,2
2689,6,3,3,4,0,1
2753,7,4,4,4,0,2
1169,9,4,5,4,3,2
1376,5,3,3,3,0,0
2503,7,4,4,4,3,2
1987,4,3,3,3,0,1
1190,7,3,3,4,4,1
1930,5,3,3,3,0,2
2677,5,3,4,3,0,1
1256,5,3,3,3,0,1
2484,4,3,3,3,0,1
1253,5,3,3,3,0,1
1337,6,3,3,3,4,2
1788,8,4,4,4,0,2
141,5,3,3,3,0,2
1669,4,3,3,3,0,1
1366,6,3,3,2,0,0
52,6,4,4,4,0,3
1380,5,3,3,3,0,1
919,7,4,4,4,4,1
2804,6,4,4,4,4,2
782,4,3,3,3,3,1
956,6,3,3,4,4,2
187,5,3,3,2,0,0
2074,6,4,4,3,3,1
1039,6,4,4,4,0,3
1210,6,3,3,3,0,2
2710,5,3,3,3,2,2
44,7,4,4,4,0,2
1026,7,3,4,3,3,1
1343,4,3,3,3,0,1
2248,6,3,4,4,1,2
1849,8,4,4,4,0,1
2076,5,3,3,3,3,1
2641,7,3,3,5,4,1
5,5,3,4,3,3,3
878,6,4,4,4,0,3
1548,6,4,3,3,0,1
841,5,3,4,3,0,1
1621,8,4,4,5,0,2
218,4,3,3,3,0,0
1504,4,3,0,3,0,0
946,2,2,0,3,0,1
455,7,4,4,4,4,2
2906,6,3,5,3,0,1
2878,6,3,3,4,0,1
1173,7,4,4,4,0,1
985,5,3,4,3,2,1
975,5,3,3,3,0,2
202,7,3,3,3,0,1
528,8,4,4,4,4,3
2579,5,3,3,3,3,3
1841,7,4,4,4,0,3
591,6,3,4,3,3,2
1897,6,3,3,4,4,1
70,8,4,4,4,0,2
590,7,3,4,4,3,2
1172,9,4,5,4,3,3
1714,8,4,4,4,0,2
829,8,4,4,4,0,2
1397,5,3,3,4,0,1
877,7,4,4,4,3,1
2477,7,4,4,4,0,2
2871,5,3,3,3,4,1
2489,5,3,3,3,3,1
1655,6,3,4,3,3,2
1891,7,3,3,3,3,2
1419,7,3,4,4,5,1
1473,7,4,4,4,0,2
2868,6,3,3,5,4,3
1695,7,4,5,4,4,2
2244,4,3,3,3,0,1
169,6,3,3,3,3,1
2670,3,2,3,2,0,0
247,6,4,4,4,4,2
2137,5,3,3,3,2,1
1794,8,4,4,4,0,2
1498,5,3,0,5,4,1
1164,7,4,4,4,0,1
1179,8,4,4,5,4,3
1340,6,3,3,3,0,1
436,8,4,5,4,4,3
1636,9,4,5,4,4,3
421,10,5,5,5,4,3
457,10,5,5,5,5,3
2834,4,3,2,3,0,1
517,6,4,4,4,0,3
1566,7,3,4,4,3,1
1439,7,3,4,4,0,3
2577,6,3,3,3,3,2
2241,5,3,3,3,0,1
71,7,4,4,4,4,2
1143,7,4,4,4,0,2
1021,7,4,4,4,2,3
1416,5,3,3,3,0,1
35,7,3,4,3,0,1
2904,1,3,0,3,0,1
2174,6,3,4,3,0,0
522,9,5,5,5,4,3
2211,5,3,3,3,0,1
1539,7,4,3,4,3,1
2420,7,4,4,4,4,3
2779,7,4,4,4,0,2
953,5,3,0,4,0,1
658,4,4,2,3,0,1
714,4,4,2,4,0,1
1637,8,4,5,5,4,3
538,8,4,4,4,0,2
546,7,4,4,4,3,2
533,7,4,4,4,0,2
718,6,3,2,5,0,1
1830,5,3,2,3,0,2
2929,5,3,4,3,3,2
2207,5,3,3,4,4,1
1417,6,3,3,3,0,0
2787,5,3,3,3,0,1
1037,5,3,4,3,0,1
2659,4,3,3,3,0,1
1567,6,3,3,3,1,3
1225,6,3,3,3,0,1
685,5,3,3,3,0,1
1358,8,3,3,4,4,1
1461,9,4,4,4,3,3
221,5,3,3,3,2,1
2187,5,3,3,3,0,0
2504,8,4,4,4,2,2
855,5,3,3,3,0,1
2258,5,3,3,3,4,2
2205,6,3,3,3,4,1
1158,6,4,4,4,4,2
1741,7,4,4,4,0,2
2735,5,3,3,5,0,1
1888,5,3,3,3,3,2
2121,5,3,4,3,0,1
1176,8,4,4,4,0,1
2773,5,3,4,3,0,1
2619,5,3,3,3,4,2
1796,8,4,4,4,0,3
1598,4,3,4,3,1,2
1965,5,3,3,3,3,2
2651,3,3,3,3,0,1
609,5,3,3,3,1,2
1990,8,4,3,4,0,1
1053,10,5,5,5,4,3
2877,4,3,3,3,0,1
497,8,4,4,4,3,2
514,9,5,5,5,4,3
759,6,3,3,3,0,1
2474,6,4,4,3,0,1
1193,5,3,3,3,0,1
1415,5,3,4,3,0,0
2048,5,3,3,3,0,1
2483,6,3,4,4,0,3
2883,3,3,2,3,0,0
1111,8,4,4,4,0,2
2072,7,3,4,4,3,1
1450,5,3,3,3,0,3
274,3,3,0,3,0,1
413,6,3,3,3,2,1
751,7,4,3,5,4,1
2897,7,3,4,3,3,3
207,4,2,0,2,0,0
2269,7,4,5,4,4,3
891,6,3,3,3,2,1
2863,7,4,4,4,4,3
1298,5,3,3,3,0,1
1292,4,3,3,3,0,0
1687,8,5,5,4,0,3
2749,8,4,4,4,3,2
2875,4,3,2,3,0,0
1029,6,3,4,3,3,3
1581,6,3,4,3,3,3
612,5,3,3,3,0,2
139,5,3,3,3,0,1
1335,6,3,3,4,4,1
2531,7,3,3,3,0,1
681,5,3,3,3,0,2
1383,6,3,4,3,1,3
1359,6,4,4,3,0,1
1226,5,3,3,4,4,2
63,8,4,5,4,3,2
1869,7,3,4,4,3,2
2468,6,4,4,4,0,3
1135,6,3,4,4,0,0
719,6,3,3,5,4,1
405,5,3,3,3,0,1
2506,8,4,4,4,4,3
2380,9,4,5,5,4,2
1565,8,4,4,4,4,2
1727,7,4,4,4,4,2
1661,7,3,4,4,2,3
1967,5,3,3,3,3,1
2267,6,4,5,3,0,3
1389,5,3,3,4,0,1
2553,5,3,3,3,4,2
1459,7,4,4,4,3,3
1739,6,4,4,4,0,3
172,5,3,3,3,4,0
788,4,3,0,3,0,1
1979,5,3,3,3,4,1
1801,8,4,4,4,0,2
931,6,3,3,4,4,1
2471,6,3,3,4,0,0
2899,6,4,4,4,0,1
2544,5,3,3,3,0,3
1386,4,3,4,3,0,1
315,5,3,3,3,3,1
1932,5,3,3,3,0,1
1660,7,3,4,3,3,2
2353,7,4,5,3,2,2
2139,5,3,4,3,0,2
1585,6,4,5,4,0,2
1602,5,3,3,3,0,2
2888,8,4,5,4,0,2
965,7,3,4,4,2,3
645,5,3,3,3,0,1
789,6,3,3,3,4,1
1015,9,5,5,5,4,2
1264,6,3,3,3,2,2
1972,5,3,3,3,0,1
1481,7,4,4,4,4,3
954,7,3,4,4,0,1
2499,7,4,4,4,3,2
824,8,4,4,4,0,2
2769,5,4,4,3,0,1
123,6,3,3,3,0,1
1862,5,3,4,3,3,2
1308,5,3,2,3,0,1
1758,7,4,4,4,0,3
2236,4,3,3,3,0,1
2912,5,3,3,3,0,2
2093,7,4,3,4,3,3
2128,6,3,4,4,0,2
679,4,3,0,3,0,1
1313,5,3,3,3,0,1
2534,5,3,4,3,0,2
1273,5,3,3,3,2,1
219,5,3,3,3,0,1
133,6,3,3,3,4,2
38,8,4,5,4,4,2
2408,9,4,5,5,4,3
1575,8,4,4,4,4,2
1671,4,3,3,3,0,1
2000,6,3,3,4,0,1
2621,4,3,3,3,0,0
1996,6,3,3,2,0,1
1976,6,3,3,3,0,1
1861,8,4,4,4,4,2
1600,6,3,3,3,0,0
298,7,3,4,4,0,2
875,7,4,4,4,3,2
1205,5,3,0,3,0,2
763,5,3,4,3,0,0
512,8,4,5,4,4,3
592,7,4,5,4,3,3
1255,4,3,0,3,0,1
355,7,3,4,3,3,3
1676,6,3,3,3,0,1
2599,3,3,3,3,0,1
312,7,4,5,4,0,3
1124,7,4,4,4,0,2
1702,10,5,5,5,4,3
2434,7,4,4,4,4,3
1432,5,3,4,3,0,1
689,5,3,4,4,0,1
1349,6,3,2,3,0,3
1759,6,3,4,3,3,2
893,6,3,4,3,0,3
944,4,3,3,3,0,1
2109,7,4,4,4,0,2
316,7,4,4,4,3,3
2529,6,3,3,3,3,2
1448,6,3,4,3,0,1
871,7,4,4,4,3,3
142,5,3,3,4,4,2
1515,3,3,3,3,0,0
1970,6,3,3,4,2,2
572,6,4,4,4,0,1
2200,6,3,3,3,4,1
2147,7,4,3,4,3,2
249,6,3,4,4,0,1
162,6,3,3,3,0,1
664,4,2,3,3,0,3
1516,5,3,3,2,0,0
16,8,5,4,5,4,3
1808,7,4,4,4,0,0
425,9,4,5,5,5,3
1372,5,4,3,3,0,1
2495,5,3,3,3,0,1
661,4,3,3,4,3,1
1301,5,3,3,4,0,1
396,5,3,3,3,0,2
2663,7,3,3,3,4,1
50,8,4,4,4,4,2
886,5,3,3,3,0,3
696,5,3,3,3,0,1
2454,8,4,4,4,3,3
2106,7,4,4,4,3,3
353,8,4,4,4,0,2
441,9,4,5,5,4,3
2270,8,4,4,4,5,3
1924,5,3,3,3,4,2
1402,7,3,4,3,3,1
1070,9,5,4,5,4,3
2696,3,3,3,3,4,1
1840,8,4,4,4,0,3
1562,7,4,5,5,4,3
2426,7,4,4,4,0,3
1162,7,4,4,4,0,2
1874,6,3,3,3,0,3
111,6,3,3,3,0,2
1207,4,3,3,3,0,1
140,7,4,4,4,0,2
545,8,4,4,4,4,3
1338,6,3,3,3,0,1
2873,5,3,3,3,0,1
924,5,3,4,3,0,1
844,7,4,4,4,0,2
901,5,3,3,3,3,1
2195,6,2,3,2,0,0
2081,5,3,3,3,0,1
2774,7,4,4,4,0,2
2573,5,3,3,3,0,1
1793,8,4,4,4,0,2
882,7,4,4,4,0,2
2791,7,4,4,4,0,3
297,7,4,4,5,3,3
509,8,4,4,4,4,3
1115,9,4,4,5,4,3
773,5,3,3,4,0,3
732,5,3,3,3,4,1
1552,5,3,3,3,0,2
226,5,3,4,3,3,3
2830,7,4,4,4,0,1
2238,5,3,3,3,0,1
982,6,3,4,3,0,3
1265,6,3,3,3,0,1
559,5,3,3,3,0,1
1203,7,5,3,5,0,2
2083,4,3,4,3,0,0
2130,7,4,4,3,2,2
2455,8,4,4,4,4,3
535,7,4,4,4,0,2
2019,7,3,3,3,0,1
2655,6,3,2,3,0,1
2391,9,5,5,5,4,2
154,4,3,3,3,0,1
999,7,3,4,3,3,1
1400,7,3,4,3,3,3
2807,7,4,4,4,4,3
516,8,4,4,4,0,2
1753,7,4,4,4,4,3
734,4,3,3,3,0,1
1209,6,3,3,3,4,2
1994,5,3,3,3,0,1
1901,5,3,3,3,0,1
2413,7,4,4,4,0,3
2630,5,3,3,3,0,2
1428,7,4,4,4,3,1
1271,5,3,3,4,0,2
2464,8,4,4,4,4,2
2653,5,3,3,4,0,1
1505,4,3,3,3,0,0
2110,8,4,4,4,4,2
2386,9,4,5,4,4,3
1086,6,4,4,4,4,3
1574,8,4,5,4,0,3
406,6,3,3,3,0,1
2757,7,4,4,4,0,2
2559,5,3,3,3,4,1
1469,6,4,4,4,0,3
407,6,3,3,4,0,1
2300,4,3,3,3,0,1
731,7,4,3,5,0,1
2230,6,4,3,3,3,2
1688,8,4,5,4,4,2
880,8,4,4,4,4,2
1074,9,5,5,5,5,2
771,6,3,3,3,3,2
724,5,3,3,3,0,1
730,6,3,3,4,4,1
273,7,4,4,4,0,2
2793,8,4,4,4,3,1
1789,8,4,4,4,0,3
1900,6,3,3,4,4,1
677,3,3,0,3,0,1
747,5,3,3,3,0,1
1038,4,3,3,3,0,1
1763,8,4,4,4,3,3
1283,5,3,3,3,0,1
2803,6,4,4,4,0,3
1927,5,3,3,3,0,1
1036,4,3,4,3,0,1
1237,5,3,3,3,0,1
1375,4,3,0,3,4,3
1643,10,5,5,5,4,3
2453,8,4,4,4,3,2
2129,7,4,4,4,3,2
2640,6,3,3,4,0,1
2437,6,3,4,3,3,2
1123,7,4,4,4,0,3
2398,9,5,5,4,4,2
1420,6,4,4,4,3,3
2693,5,3,3,4,0,0
1370,3,2,3,3,0,0
392,6,3,3,3,3,2
1351,5,3,3,3,0,1
246,7,4,4,4,3,2
802,8,4,4,4,4,3
1404,6,3,3,5,4,2
803,7,4,4,4,3,2
1595,5,3,4,3,4,3
1319,8,3,3,3,0,0
2231,8,4,4,4,4,3
2162,7,4,4,4,0,2
2622,5,3,0,3,0,1
1300,5,3,3,3,0,1
2505,7,4,4,4,4,2
582,6,3,3,4,4,2
1458,8,4,4,4,3,3
281,4,3,3,3,0,0
1499,10,5,5,5,4,3
2298,5,3,4,3,0,1
2580,6,3,3,3,3,3
568,6,4,4,4,0,2
1807,6,3,4,3,0,0
129,6,3,3,3,4,1
2294,6,3,4,3,3,3
1860,6,3,4,3,3,2
839,7,4,4,4,3,2
2349,7,3,3,3,3,2
1903,3,2,2,4,0,0
234,6,3,4,4,3,3
2172,5,3,3,3,4,1
2588,5,3,3,3,3,1
1289,6,4,4,3,3,1
1596,5,3,4,3,3,1
264,8,4,4,4,4,2
451,8,4,4,4,4,2
536,6,3,4,4,0,0
43,8,4,5,5,4,2
2223,6,3,4,4,4,1
2009,6,3,4,3,4,1
394,5,3,3,3,0,1
1738,6,3,4,4,4,3
1196,5,3,3,3,0,1
828,7,4,4,4,4,2
1694,10,5,5,5,4,3
571,6,3,4,3,0,1
1192,6,3,3,3,3,2
1806,8,4,4,4,4,2
962,8,4,4,4,0,3
2142,5,3,3,3,0,1
1648,7,3,4,4,3,3
618,6,4,3,3,0,1
2108,7,4,4,4,0,2
772,5,3,3,3,1,3
2672,6,3,3,2,4,1
2492,5,3,3,3,0,1
2903,9,5,4,5,4,3
2783,6,3,4,3,0,1
786,5,4,3,3,4,3
740,5,3,3,2,0,1
2546,6,3,3,3,4,2
851,7,4,4,4,0,2
1833,8,4,5,4,5,2
76,6,3,4,3,3,2
2151,8,4,4,4,3,3
1880,4,3,0,3,0,1
2907,6,3,5,3,0,3
1831,5,3,4,3,3,3
2836,4,3,3,3,0,1
1955,6,3,3,3,0,1
1926,5,3,3,3,0,1
2924,5,3,3,3,4,2
1003,8,4,4,4,0,2
1667,5,3,3,5,0,2
2905,7,3,4,3,0,3
921,6,3,3,4,4,1
1780,8,4,4,4,4,3
746,5,3,3,3,4,1
254,7,3,4,4,3,1
606,6,3,3,3,0,2
2703,5,3,0,3,3,1
1306,3,3,2,3,0,0
2102,7,4,4,4,4,3
1784,7,4,4,4,3,1
941,5,3,3,4,0,1
2699,5,3,3,3,3,1
2127,4,3,4,3,0,0
2607,6,3,3,3,3,2
1754,6,3,4,3,3,2
1367,5,3,3,3,0,2
580,6,3,3,3,0,1
341,6,4,4,4,2,3
26,5,3,3,3,2,1
2667,10,4,3,5,3,1
2884,8,4,5,5,4,3
28,4,3,3,3,1,0
531,7,4,4,4,0,2
2189,6,3,3,3,4,1
2508,7,4,4,4,0,2
573,7,4,4,4,0,1
1363,5,3,3,3,0,1
487,7,4,4,4,0,3
1083,7,4,4,4,4,3
1620,6,3,4,3,3,3
1929,5,3,3,3,3,2
1820,5,3,3,3,0,1
1398,5,3,4,4,0,1
2177,5,3,0,3,0,3
2144,4,3,3,4,0,1
2697,6,3,3,3,0,0
1403,4,3,4,4,4,3
596,5,3,3,3,0,1
922,5,4,3,3,3,1
2065,5,3,3,3,4,1
1710,8,4,5,4,4,3
1034,5,3,4,3,0,1
1057,8,4,5,5,5,3
470,7,4,4,4,3,2
819,9,5,5,5,4,3
2160,7,4,4,4,0,2
2552,6,3,3,3,2,1
41,7,4,4,4,4,2
742,4,3,3,4,0,1
686,4,3,3,3,0,1
314,6,3,3,3,0,1
1630,6,3,4,3,3,2
191,6,3,2,3,0,1
1626,6,3,4,3,3,3
59,7,4,4,4,4,3
2632,5,3,3,3,0,1
1835,8,4,4,4,4,3
2675,5,3,4,3,4,1
1503,4,3,3,2,0,0
1963,5,3,3,3,0,2
1352,6,3,3,4,4,1
1519,6,3,3,3,4,1
1305,4,3,3,3,0,1
2014,6,3,3,3,4,1
1,6,3,3,3,4,3
1052,10,5,5,5,5,3
622,5,4,3,4,4,1
913,6,4,3,4,4,1
1058,9,5,5,5,4,3
2348,7,3,4,3,3,3
1527,6,3,4,3,0,1
1011,8,4,5,5,4,3
1332,5,3,3,4,0,0
709,2,3,0,3,0,1
209,7,3,3,3,3,1
619,6,3,3,3,4,3
2150,7,4,4,4,0,3
2704,5,3,3,3,0,1
2839,5,3,3,3,0,1
1242,6,3,4,3,4,2
2714,6,3,3,3,3,3
799,4,3,3,3,4,1
1260,4,3,0,3,0,0
2107,7,4,4,4,0,2
2486,5,3,3,3,0,1
1911,5,3,3,3,0,1
896,5,3,2,3,0,2
272,7,4,4,4,0,2
2521,8,4,4,4,2,3
2324,6,3,4,3,3,3
1953,7,3,3,3,3,1
887,4,3,3,3,4,1
1479,7,4,4,4,0,2
1317,6,3,2,3,3,1
1750,7,4,4,4,4,2
2815,6,4,4,4,4,3
2692,5,2,2,3,0,1
1090,7,4,4,4,4,3
1912,5,3,3,3,3,3
1634,8,4,4,3,0,2
1974,5,4,3,3,0,2
1764,10,5,5,5,4,2
634,6,4,3,4,0,1
1683,7,3,4,3,0,1
2199,5,3,3,3,0,1
2789,6,3,4,3,0,1
1018,7,4,4,5,5,2
14,7,3,4,4,1,1
2782,5,3,3,3,0,1
2626,3,3,0,3,0,1
1175,7,3,3,3,3,3
1232,6,4,3,4,4,2
2590,5,3,3,3,0,3
2463,8,4,4,4,4,2
2358,6,3,3,4,2,2
2911,6,3,4,3,4,3
1699,8,4,4,4,4,2
115,7,3,4,3,3,1
1998,7,3,3,3,4,1
589,6,3,3,3,0,1
1641,8,4,4,4,4,2
2821,6,3,4,3,0,0
1846,6,4,4,4,0,1
1805,6,4,4,4,4,2
1853,8,4,5,4,3,2
1321,10,5,3,4,4,1
564,8,4,4,4,4,2
1771,7,4,4,4,3,2
90,6,3,3,3,2,3
2684,5,3,3,3,0,1
13,6,3,4,3,4,3
445,8,4,4,4,4,2
1914,5,3,3,3,0,2
2811,7,4,4,4,0,2
850,7,4,4,4,0,2
1844,6,3,4,3,2,1
2225,6,3,4,3,4,2
1477,7,4,4,4,0,2
399,4,3,3,4,0,1
2431,5,4,4,3,4,3
1605,5,4,3,4,5,1
897,4,3,0,3,0,1
1426,9,4,4,5,4,2
2240,5,3,2,3,0,1
1706,8,4,5,5,4,3
2252,7,4,4,4,4,2
1136,5,3,3,4,0,1
1877,5,3,3,3,0,2
424,10,5,5,5,4,3
1182,6,3,4,3,0,1
2750,6,4,4,4,0,1
1016,6,3,3,3,3,2
2436,7,4,4,4,4,3
1607,5,3,3,4,0,1
2337,10,5,5,4,4,3
1233,6,3,4,3,4,2
419,5,3,3,3,0,2
633,7,3,3,3,4,1
2722,5,3,3,3,4,1
469,7,4,4,4,3,3
1365,6,3,3,3,4,1
1098,7,3,4,3,3,3
711,5,3,2,3,0,1
2808,6,4,4,4,0,2
1959,6,3,3,3,4,1
2720,5,4,3,4,4,1
2170,4,3,3,3,0,1
603,4,3,3,3,4,2
2113,6,4,4,4,4,2
1146,6,3,4,4,0,2
2105,7,4,4,4,0,2
1786,7,4,4,4,0,2
961,9,5,5,5,0,3
1405,7,3,3,3,4,1
1324,5,3,3,2,0,1
1986,4,3,3,2,0,1
307,5,2,3,2,0,1
180,5,3,3,4,4,1
2896,6,3,4,4,3,1
668,6,3,3,3,0,1
1582,6,4,4,4,2,1
2285,5,3,4,3,1,3
2079,6,3,3,4,4,1
2272,8,4,4,4,4,3
2250,6,3,3,3,0,1
502,7,4,4,4,3,2
2166,7,4,4,4,4,2
1622,6,3,4,3,3,3
1299,5,3,2,4,0,0
832,6,4,4,4,4,3
2470,7,4,4,4,4,2
1017,7,3,4,3,3,3
1384,5,3,3,3,0,2
1790,7,4,4,4,4,2
2530,7,3,3,3,0,2
2893,7,4,0,4,0,2
2027,7,3,3,4,4,1
683,5,3,3,3,0,1
823,8,4,4,4,4,2
2374,6,3,4,3,1,2
1594,5,3,4,3,0,1
2049,5,3,4,3,0,1
1813,7,3,4,3,0,1
365,7,3,4,3,0,2
176,4,3,3,3,0,1
510,8,4,4,5,4,3
1326,5,3,0,3,0,1
2423,7,4,4,4,3,3
1631,6,3,3,3,3,1
1263,7,3,3,3,4,2
1046,5,3,3,3,0,1
47,9,5,5,5,4,3
1424,7,4,4,4,4,3
429,9,5,5,5,4,3
1031,7,3,3,3,4,2
1635,8,4,4,4,3,2
309,8,4,5,4,4,3
1020,7,4,4,3,0,1
178,5,3,3,3,0,1
1975,5,3,2,3,0,1
2096,7,4,4,4,3,2
865,8,4,4,5,3,2
385,8,4,4,3,0,3
1362,6,3,3,3,4,1
1091,7,4,4,4,4,3
317,7,4,4,4,0,2
1076,8,4,4,4,4,3
1573,8,4,4,4,4,3
485,8,4,5,4,4,3
2021,6,3,3,3,4,1
2032,7,3,3,4,4,1
2604,3,3,3,3,0,1
1615,8,4,3,4,3,1
2736,6,4,4,4,4,1
473,7,4,4,4,4,3
1316,7,3,3,4,4,1
244,4,3,0,4,0,1
152,5,3,3,3,0,1
1588,8,4,5,4,4,3
2111,7,4,4,4,0,2
813,5,3,0,3,0,1
1854,8,4,4,4,4,3
2575,5,3,2,3,4,2
867,9,4,5,5,5,3
2879,4,3,3,3,0,1
1494,7,4,4,4,4,3
2771,6,4,4,4,3,2
496,8,4,4,5,3,3
1651,6,3,3,4,3,3
1913,6,3,3,3,4,2
2790,8,4,4,4,4,3
1541,5,3,3,3,3,1
1684,5,3,3,3,0,1
301,7,3,3,3,3,3
1569,5,3,0,3,0,1
2153,8,4,4,4,3,3
1467,8,4,4,4,3,1
2540,5,3,3,4,0,1
2368,6,3,3,3,0,1
874,7,3,4,4,0,2
463,7,4,4,4,3,2
784,4,3,3,3,0,2
2149,7,4,4,4,4,2
2069,6,3,3,4,3,1
1743,7,4,5,4,4,3
472,7,4,4,4,4,3
1921,6,3,3,3,0,2
2778,7,4,4,4,3,3
526,8,4,4,4,4,2
2795,7,4,4,4,0,2
478,7,4,4,4,4,3
2841,5,3,3,2,0,1
119,6,3,3,3,4,1
1960,5,3,3,3,0,1
1277,6,3,3,3,0,1
2466,6,4,4,4,0,2
2844,2,3,3,3,0,1
1028,7,4,4,4,4,3
1043,6,3,3,3,0,1
231,4,3,2,3,0,1
461,8,4,5,4,4,2
33,6,3,4,3,2,2
1795,7,4,4,4,0,2
1073,8,5,5,5,4,2
1576,8,4,4,4,4,3
2044,4,2,3,3,0,1
185,5,3,2,3,0,1
1828,7,4,4,4,3,2
344,8,4,4,5,3,3
2152,8,4,4,4,3,3
1752,7,4,4,4,3,3
2637,4,3,3,3,0,1
1000,8,4,5,5,4,3
727,4,3,3,3,0,0
2612,5,3,3,3,0,1
2422,8,4,4,4,3,3
752,7,3,3,3,0,1
15,8,4,4,4,0,2
2319,8,4,4,4,4,3
2681,5,3,3,3,4,1
1006,6,3,4,3,3,3
2596,3,3,3,4,0,1
2002,7,3,3,3,0,1
55,7,4,4,4,4,3
2104,8,4,5,5,4,3
1682,6,3,4,4,3,1
977,5,3,3,3,1,1
2548,5,3,3,3,1,3
340,8,4,4,4,3,1
1487,5,3,3,3,0,0
1423,7,4,4,4,3,3
1342,4,3,0,3,0,1
1949,4,3,3,3,0,1
2444,8,4,4,4,5,3
345,6,3,4,3,3,3
650,5,3,0,3,0,3
192,5,3,3,3,0,1
1945,5,3,3,3,4,1
2277,8,4,4,4,4,3
1266,7,3,4,4,4,2
674,6,3,3,3,4,1
2823,7,4,4,4,4,3
2772,7,3,4,3,0,2
2015,5,3,3,3,0,1
2642,7,3,3,3,0,3
144,6,3,3,3,0,2
1712,8,4,5,5,4,3
1708,8,4,4,5,5,2
2890,6,3,3,3,0,1
1157,5,3,4,3,4,1
2550,5,3,3,5,0,2
1104,7,4,5,4,3,2
2183,6,3,4,4,0,3
2887,6,3,3,3,0,1
29,7,4,4,4,2,3
108,8,4,4,4,3,3
2286,4,3,3,3,0,1
1533,6,3,3,3,4,1
376,6,3,3,3,3,2
800,7,4,4,4,0,1
1395,5,3,3,3,0,1
388,5,3,4,3,2,2
1689,8,4,5,5,4,2
716,5,3,3,3,0,1
2737,6,3,3,3,4,1
120,4,3,3,3,0,0
1230,6,3,3,3,3,1
2047,5,3,3,3,0,1
1293,7,3,4,4,0,1
1915,5,3,3,3,0,1
1968,5,3,3,3,0,0
1766,8,4,4,4,3,3
268,7,3,4,4,0,2
729,5,3,3,4,3,2
902,4,3,3,3,0,1
993,6,3,3,3,3,3
766,1,2,2,2,0,0
903,6,3,3,4,0,1
1221,3,4,3,3,0,0
1719,6,4,4,4,4,2
1521,5,3,3,3,0,0
2707,4,3,0,3,0,1
987,5,3,4,3,0,1
2558,5,3,2,3,0,1
1778,9,5,5,5,4,3
2601,5,3,3,3,4,1
74,7,4,4,4,0,2
2190,4,3,3,3,0,1
701,4,2,2,2,0,0
2556,4,3,4,2,0,0
2293,5,3,4,4,2,3
787,3,3,0,3,4,1
595,5,3,3,3,0,1
66,8,4,4,4,5,3
846,6,3,4,3,3,2
594,5,3,3,3,0,3
792,6,3,3,4,4,1
1200,8,5,3,4,3,3
768,5,3,3,3,0,1
174,5,3,3,4,0,1
1889,5,3,3,3,2,3
1023,6,3,4,3,3,3
363,6,3,4,4,0,2
1401,7,3,4,3,4,3
1978,5,3,4,3,0,1
2097,7,4,5,5,4,3
2840,4,3,3,3,4,1
862,5,3,4,3,0,1
507,8,4,4,4,4,3
1262,5,3,3,3,2,3
1228,5,3,3,3,0,2
1288,5,3,3,3,0,1
1243,6,3,3,3,4,2
1850,7,4,4,4,3,2
1589,7,3,4,3,0,3
1658,5,3,4,3,3,1
446,7,4,4,4,4,3
1097,7,4,4,3,3,3
2329,8,4,4,4,3,2
1909,5,3,3,3,4,1
2608,5,3,3,3,4,2
656,5,3,2,3,0,1
1690,8,4,4,4,5,3
2853,5,3,3,3,0,0
2229,7,3,4,3,3,3
1127,8,4,5,5,4,3
2606,5,3,2,4,3,1
1268,5,3,2,3,3,1
2809,7,4,4,4,0,2
529,7,4,4,5,4,2
476,6,4,4,4,3,2
2566,5,3,3,3,0,1
1902,1,2,0,2,0,0
1547,4,3,3,3,0,0
1185,7,4,4,3,3,2
2372,6,3,3,3,0,1
2282,5,3,3,3,0,1
910,7,3,3,3,3,3
1128,7,4,4,4,0,2
1659,6,4,3,3,4,1
1852,8,4,5,4,4,1
456,7,4,4,4,4,2
2410,7,4,4,4,4,2
1296,7,4,3,4,3,0
2682,5,3,3,4,0,1
237,6,3,3,4,3,1
1666,5,3,3,3,0,1
2666,6,3,3,3,0,1
662,7,4,3,4,0,1
2490,6,3,4,3,3,1
672,6,3,3,3,0,1
2915,4,3,3,3,0,1
452,6,4,4,4,4,2
321,8,4,4,4,0,3
2124,6,3,4,3,0,2
1278,5,3,3,3,0,0
914,6,3,3,4,4,1
579,4,3,3,3,3,1
1418,5,3,3,3,0,1
1166,7,3,4,3,0,1
1797,5,4,4,4,0,1
2568,5,3,3,3,0,1
2075,5,3,3,4,3,1
2445,8,4,4,4,3,2
229,7,4,5,4,0,2
1663,5,3,3,3,0,1
2727,5,3,4,3,3,1
2226,6,3,4,3,3,1
130,5,3,3,3,0,0
1675,6,4,4,4,3,3
2038,4,3,2,3,0,2
2416,6,4,4,4,0,3
2507,7,3,4,4,0,2
269,6,4,4,4,0,3
981,5,3,4,3,0,1
2296,5,3,4,3,4,3
940,5,3,3,3,0,1
475,7,4,4,4,4,3
2404,7,4,4,4,4,2
2491,5,3,3,3,0,1
601,5,3,3,3,0,1
1640,9,4,5,5,4,3
2926,6,3,3,3,0,1
653,5,3,3,3,0,3
2406,7,4,4,4,4,2
2701,5,3,0,3,4,2
1472,6,3,4,3,0,1
417,6,4,4,3,3,3
2664,6,3,3,3,0,1
283,6,3,3,3,4,1
302,4,3,3,4,0,1
2053,5,4,3,3,1,1
2662,5,3,3,3,0,1
99,6,4,4,4,0,2
2674,6,3,3,3,4,1
1218,4,3,3,3,1,2
2547,6,3,3,3,4,3
197,5,3,3,4,2,1
2091,7,4,4,4,3,3
87,5,3,3,3,0,1
690,6,3,3,3,2,2
2364,6,4,4,4,0,3
2050,5,3,4,3,3,1
769,5,3,4,3,3,2
348,9,5,5,5,4,3
200,5,3,3,3,4,1
2759,7,4,4,4,0,3
1700,8,4,5,4,5,2
876,7,4,4,4,0,2
2536,5,3,3,3,0,2
1821,5,3,3,3,0,3
2743,6,3,3,3,0,1
1329,7,3,3,4,0,1
1451,5,3,4,3,0,1
936,6,3,4,3,3,3
1948,4,3,3,3,0,0
1839,7,4,5,4,4,2
2057,5,3,3,3,0,1
558,5,3,3,3,0,1
2731,7,4,4,4,0,3
791,5,3,3,3,0,1
1421,7,4,4,4,3,2
2881,2,3,3,3,0,1
2820,6,3,4,3,0,0
1609,5,3,3,3,0,1
1495,6,3,3,3,2,2
2388,8,4,5,4,4,3
938,7,4,4,5,4,3
1194,5,3,3,4,0,1
2429,8,4,4,5,4,3
1937,5,3,3,3,3,1
1847,6,4,4,4,3,1
1550,5,3,4,3,0,0
2705,7,3,4,3,0,1
2713,5,3,3,3,2,1
1938,4,3,3,2,0,1
1819,5,3,4,3,0,1
23,7,4,4,4,0,2
2289,4,3,3,3,0,1
1156,6,3,3,3,3,1
2717,6,3,3,3,2,1
2101,7,4,4,4,4,2
1377,5,3,4,4,0,1
1381,5,3,3,4,0,2
2502,8,4,4,4,3,2
2609,6,3,3,3,4,1
505,8,4,4,4,3,2
1126,7,4,4,4,4,3
2914,4,3,4,3,0,0
393,5,3,4,3,0,0
2405,9,5,5,5,4,2
67,8,4,4,4,4,2
2227,4,3,4,4,0,1
669,6,2,3,3,1,2
1772,8,4,4,4,3,2
1775,8,4,4,4,3,2
403,6,3,3,3,0,1
2792,6,3,4,3,3,2
1247,5,3,3,3,0,1
384,7,4,4,5,5,2
91,7,4,4,4,3,2
863,7,4,4,4,0,2
1857,5,4,4,4,2,2
1870,7,4,4,4,4,1
2318,7,4,4,4,4,2
2100,8,4,4,4,0,3
1213,5,3,3,4,4,2
2046,5,3,3,5,4,0
710,3,3,3,3,0,0
2268,8,4,5,4,0,1
816,7,3,5,3,3,3
1616,7,4,4,4,4,3
2233,6,3,3,4,0,3
439,9,5,5,5,4,2
260,5,4,4,3,0,1
2523,9,4,5,4,4,3
627,7,3,3,3,2,1
251,7,4,4,4,0,2
2163,7,4,4,4,0,2
2819,4,3,2,3,0,1
1025,5,3,4,5,0,2
2592,5,3,3,3,0,1
1491,6,3,3,3,1,1
2742,6,3,3,3,0,1
2497,5,3,3,3,3,1
495,8,4,4,4,4,2
2528,6,3,3,4,4,1
1033,8,4,4,4,4,2
764,5,3,4,3,0,0
1165,7,4,4,4,0,1
2037,6,3,3,3,4,1
113,6,3,3,4,3,2
1572,7,4,4,4,3,3
2052,4,3,3,3,0,1
2702,5,3,3,4,0,1
1981,5,3,3,3,4,1
2335,10,5,5,5,4,2
563,5,3,3,3,0,1
1502,4,3,0,3,0,0
1310,7,3,3,3,0,1
2598,5,3,3,3,0,1
2715,5,3,3,3,3,1
1810,7,4,4,4,0,2
778,5,3,3,3,3,1
339,5,3,3,3,0,3
2460,8,4,4,4,0,3
320,7,4,4,4,4,3
2461,8,4,4,4,0,2
2449,8,4,4,4,3,3
817,7,3,5,3,3,3
1096,7,4,4,4,4,3
1893,6,3,4,4,0,2
479,8,4,4,4,3,3
1657,6,3,3,3,3,1
937,6,3,3,3,3,3
879,6,4,4,4,0,3
945,8,5,5,5,4,3
1010,8,4,4,4,3,2
2861,5,3,4,3,4,1
1245,5,3,3,3,0,2
854,5,3,4,3,0,1
1437,7,4,4,4,0,2
586,6,3,3,4,3,2
1947,5,3,3,3,0,1
815,5,3,0,3,0,1
831,8,4,5,4,4,3
1919,5,3,3,4,0,2
2306,6,3,3,3,0,2
430,9,5,5,5,4,2
2618,7,3,3,3,4,2
245,6,4,4,4,3,3
462,8,4,4,4,4,3
182,2,3,2,3,4,1
1625,7,3,4,3,3,3
2381,9,3,5,4,0,2
1827,5,3,3,3,0,1
1580,6,3,4,3,3,1
1803,8,5,4,5,4,3
1132,7,3,4,4,0,0
1941,4,3,3,3,2,3
1742,7,4,5,4,4,3
2026,6,3,3,3,0,1
2245,5,4,3,4,0,1
1691,9,5,5,5,5,3
725,6,2,3,3,0,1
1787,8,4,4,4,4,2
1216,5,4,3,4,0,2
2654,3,3,2,3,0,1
2310,7,3,3,3,3,3
761,6,3,3,3,0,1
1884,6,3,3,3,0,2
449,9,4,5,5,4,3
856,5,3,4,4,0,1
11,6,3,4,3,3,3
389,6,3,3,3,3,2
2415,7,4,4,4,4,3
77,6,4,4,4,3,2
1238,5,3,3,3,4,2
223,5,3,3,4,0,1
723,5,3,3,3,0,1
2562,5,3,3,3,0,1
995,6,3,4,3,0,3
287,6,3,4,2,0,1
1152,5,3,3,4,3,1
1449,5,3,3,3,2,1
1330,5,3,3,3,0,1
1134,7,4,4,4,0,2
706,5,3,3,3,0,1
1617,6,3,4,3,3,3
1339,6,3,3,3,4,1
1664,6,3,3,3,0,1
1433,5,3,4,4,0,1
75,7,4,4,4,2,2
2255,6,3,4,3,1,1
1170,9,4,5,5,3,3
45,9,5,5,5,4,3
836,5,3,4,4,0,1
8,8,4,4,4,0,2
1704,8,4,5,4,4,2
2068,7,3,3,4,4,1
1488,5,3,3,3,0,1
1391,6,3,3,3,3,1
2633,7,3,3,3,0,1
1872,6,3,3,3,2,2
1138,6,4,4,4,0,2
1899,4,3,0,3,0,1
915,7,4,4,4,0,2
660,5,3,3,5,0,1
2004,4,3,0,3,0,1
443,9,4,5,5,4,3
2627,3,3,0,3,0,1
1438,7,4,4,4,0,2
1525,6,3,5,3,4,3
2644,6,3,3,4,0,1
866,8,4,4,5,3,2
620,5,3,3,3,0,1
2451,9,4,5,5,3,2
2186,4,3,3,3,0,1
2025,5,3,2,3,0,1
1916,6,3,4,3,1,1
1542,6,4,3,4,4,1
1163,6,4,4,4,0,2
205,6,3,3,3,0,1
2261,8,4,4,5,4,2
423,9,5,5,5,4,3
2687,6,3,3,3,4,1
1436,6,3,4,4,0,2
444,8,4,5,4,4,3
1067,8,4,4,4,3,3
2290,4,3,4,3,0,0
168,6,3,3,3,3,2
2643,7,3,3,4,1,1
2802,7,4,4,4,4,3
1224,5,2,3,4,0,2
1382,5,3,3,4,0,2
853,5,3,4,3,0,0
2237,5,3,4,4,0,0
2585,5,3,3,3,0,2
2193,4,3,3,3,0,1
2262,8,4,4,5,4,2
1528,6,3,4,3,0,1
370,5,3,4,3,3,1
2629,5,3,3,3,0,2
1703,8,4,4,4,4,1
793,4,3,3,3,0,1
1429,8,4,4,4,2,3
648,5,3,3,2,0,1
279,6,3,3,3,2,1
1705,8,5,5,5,4,3
1257,5,3,3,3,3,1
2894,6,3,4,3,4,1
1062,8,5,4,4,4,3
1729,6,4,4,4,4,3
1925,6,3,3,3,3,1
415,6,3,4,3,3,1
78,6,3,4,3,3,1
428,9,4,5,5,4,2
1756,6,3,4,3,3,2
1280,5,3,3,3,0,1
1928,6,3,4,3,3,1
2671,4,3,3,3,3,0
2501,8,4,5,4,3,2
225,5,3,3,3,0,1
2317,7,4,4,4,4,2
160,5,3,3,4,4,3
100,7,5,5,4,4,3
482,7,4,4,4,3,3
177,5,3,3,4,4,1
1971,5,3,3,3,3,2
484,7,4,4,4,3,3
1561,8,5,5,5,4,3
992,6,3,2,3,4,1
73,7,4,4,4,0,2
2646,6,3,3,3,0,1
994,6,3,4,3,3,3
2138,5,3,4,3,0,1
2013,5,4,3,3,0,1
2126,5,3,4,3,0,1
898,5,3,2,3,0,0
1048,6,3,4,3,0,2
2676,6,3,3,3,4,1
2498,5,3,3,3,1,1
1560,8,5,5,4,4,3
296,7,5,3,4,4,2
354,7,4,4,3,3,3
970,5,3,3,4,0,1
884,6,4,4,4,4,3
1894,6,3,3,3,4,2
450,8,4,4,4,4,3
2031,7,3,3,3,3,1
949,7,4,5,4,4,3
1907,5,3,3,3,0,3
1906,6,3,3,3,3,2
549,6,4,4,4,0,2
243,5,3,3,3,0,1
1697,8,4,4,4,4,3
2365,6,3,3,3,0,1
310,8,4,4,4,3,1
1961,5,3,3,3,3,1
849,7,4,4,4,0,2
2018,5,3,3,3,0,1
1328,5,4,3,3,1,1
801,6,4,4,4,1,1
400,4,3,3,3,0,1
1650,7,3,4,3,4,2
1084,7,4,4,4,4,3
1522,5,3,3,3,0,2
2496,5,3,3,3,0,0
220,5,3,4,3,4,1
1254,5,3,3,3,0,1
1443,7,4,4,4,0,2
2885,8,4,5,4,4,3
2920,4,3,3,3,0,0
1197,5,3,3,3,0,1
848,7,4,4,4,0,2
926,7,3,3,3,4,1
2158,8,4,4,4,3,2
1555,4,3,1,3,0,1
278,4,3,3,2,0,1
2522,8,4,4,4,3,3
434,9,5,5,5,4,2
2683,6,3,3,4,4,1
2173,6,3,3,3,0,3
894,5,3,3,3,0,0
1066,7,4,4,4,4,2
1261,6,3,3,3,4,3
537,7,4,4,4,0,2
2301,5,3,4,3,0,1
2854,7,3,3,4,4,1
2649,4,3,3,3,0,2
2776,7,4,4,4,0,2
2403,8,4,4,4,3,2
2355,6,3,3,4,3,2
1983,3,3,3,3,0,1
547,6,4,4,4,0,2
1842,7,4,4,4,0,2
2748,6,4,4,5,3,2
2425,7,4,4,4,3,3
2837,5,3,3,3,0,0
2456,8,4,5,4,4,2
2114,7,4,4,3,4,3
1890,5,3,3,3,0,1
621,6,3,3,3,0,1
1427,9,5,5,5,4,3
1728,6,4,4,4,0,1
2472,7,4,4,4,0,2
610,5,3,3,3,3,3
1950,4,3,3,3,0,1
94,7,4,5,4,4,3
1745,7,4,4,4,4,3
744,5,3,3,3,0,1
1859,6,4,3,3,3,2
2343,7,4,4,4,0,2
1713,7,4,4,4,0,2
1816,6,3,3,3,3,2
2390,8,4,4,5,4,2
364,7,4,4,4,3,3
684,5,3,4,3,0,2
32,6,3,3,3,0,1
1698,9,5,4,5,4,3
1129,8,4,4,4,4,3
165,5,3,3,4,0,1
935,6,3,4,3,3,3
1802,7,4,4,4,0,3
250,8,4,4,4,0,2
2668,5,3,3,3,0,0
236,5,3,3,3,0,1
2117,6,4,4,4,2,3
2029,5,3,3,3,0,1
636,6,3,3,3,0,1
1155,6,3,3,4,0,1
739,6,4,3,3,0,1
1608,6,3,4,3,0,1
1087,6,3,3,3,3,3
1774,8,4,5,4,3,2
2816,7,4,4,4,4,3
2194,4,3,3,3,3,1
523,8,4,4,4,4,2
2767,7,3,4,4,3,1
1837,8,4,4,4,0,3
2284,5,3,4,3,3,1
1434,5,3,4,3,0,1
2794,8,4,4,4,3,2
2625,3,3,0,3,0,1
794,5,3,4,3,4,2
708,4,3,2,3,0,1
286,5,3,3,2,4,1
62,7,4,4,4,3,3
1647,7,4,4,4,3,2
2054,5,3,3,3,0,2
1102,9,4,5,5,3,2
654,6,3,3,3,4,1
1089,6,3,4,4,0,3
604,5,3,3,3,4,1
2838,5,3,3,3,0,1
2777,7,4,4,4,0,2
1723,9,5,5,5,4,2
349,7,3,4,3,3,3
2313,6,3,4,3,3,3
2279,3,3,0,3,0,2
1346,7,3,3,3,4,1
2770,5,3,4,3,0,2
2923,5,3,3,3,0,1
1619,6,3,4,3,3,3
2178,5,3,4,3,0,1
1160,7,4,4,4,0,2
1755,7,4,4,4,4,3
2412,6,4,4,4,4,3
889,6,3,3,3,0,3
2181,10,5,5,5,4,3
1186,7,3,3,3,4,1
1613,7,3,3,3,1,1
411,6,3,4,3,3,1
810,5,3,0,3,0,1
548,6,3,4,3,3,2
2179,5,3,5,3,0,3
2746,5,3,2,3,3,1
1486,5,3,2,3,0,0
2168,5,3,3,3,0,1
2061,5,3,3,3,0,1
1131,6,4,4,4,0,2
2738,6,3,3,4,4,1
929,6,3,3,3,4,3
362,6,3,4,3,3,3
652,7,3,3,3,4,1
1466,7,4,4,4,0,2
2087,5,3,3,3,4,1
1442,7,4,4,4,3,2
2744,5,3,5,3,0,1
1511,5,3,3,3,0,1
2175,6,3,3,3,2,1
1236,5,3,3,3,0,1
2448,8,4,4,4,3,2
60,9,4,4,4,3,3
346,8,4,4,4,4,3
678,6,3,3,3,0,1
2481,6,4,4,4,0,2
2729,5,3,4,3,0,1
453,6,4,4,4,4,2
2234,5,3,3,3,0,1
2007,5,3,2,3,0,1
20,6,3,4,3,3,1
2217,6,3,3,3,4,1
232,4,3,4,4,0,1
1982,5,3,3,4,4,1
1570,4,3,4,3,3,1
195,6,3,3,3,0,1
2307,6,3,3,4,3,1
504,8,4,4,4,3,2
1644,6,4,4,4,3,3
939,6,4,4,4,4,3
1591,5,3,4,3,0,0
2001,5,3,3,3,0,1
2379,9,4,5,5,4,3
1100,8,4,4,4,3,3
1118,8,4,4,4,4,2
1593,4,3,4,3,0,3
2338,5,3,0,3,3,1
458,8,4,5,5,4,3
1454,8,4,4,4,4,2
641,5,3,3,3,3,3
644,5,3,3,3,0,1
840,7,3,4,3,0,3
1307,7,3,3,4,5,1
1809,5,4,4,4,0,1
56,6,4,4,4,3,3
1905,5,3,3,3,0,1
2060,5,3,3,3,0,1
1085,7,4,4,4,4,3
305,4,3,3,3,0,2
671,6,4,3,4,0,1
833,7,4,4,4,3,3
2891,7,3,3,3,0,1
486,6,4,4,4,3,2
334,5,3,3,3,0,1
1804,8,4,4,4,4,3
2690,4,3,3,2,0,0
299,8,4,4,4,3,3
466,6,4,4,4,4,3
440,8,4,5,5,4,3
378,7,3,4,3,3,1
513,7,4,4,4,4,2
1597,4,3,4,3,0,2
613,6,3,3,4,1,3
2798,7,4,4,4,3,1
239,4,3,3,3,3,1
1080,7,4,4,4,4,2
375,7,3,4,4,3,2
1638,9,5,5,4,4,3
2593,5,3,3,3,4,2
623,5,3,3,3,0,1
964,6,3,4,4,3,3
917,7,3,3,3,4,1
122,5,3,3,4,0,2
2443,8,4,4,4,3,3
1354,6,3,3,4,0,1
2058,5,3,4,3,0,1
2326,7,3,4,3,3,3
1222,5,3,3,3,3,2
1251,5,3,3,3,0,1
65,7,4,4,3,0,3
498,8,4,4,4,3,3
749,7,3,4,4,0,1
1782,8,4,4,4,4,2
477,7,4,4,4,4,3
2826,5,3,4,3,0,3
1601,4,3,4,3,0,0
990,6,5,4,3,3,1
1791,8,4,5,4,4,2
2131,7,4,4,4,0,2
371,7,4,4,5,3,2
2377,7,3,3,3,0,1
1832,6,3,4,4,3,2
561,5,3,3,3,3,2
1063,8,4,5,5,4,3
325,6,3,3,3,0,0
1577,5,3,4,3,0,3
2851,5,3,4,3,0,1
1410,6,3,3,4,3,1
691,5,3,3,3,0,1
2691,4,3,3,2,0,1
2780,7,4,4,4,3,2
374,6,4,4,4,3,3
1995,6,3,4,3,0,1
602,6,3,3,3,0,1
1422,7,4,4,4,3,2
1056,8,4,5,4,4,2
1151,5,3,3,3,0,1
1843,6,3,4,3,3,1
2595,6,3,2,3,0,1
1041,6,3,3,3,0,1
980,4,3,3,3,0,2
1871,5,3,3,3,0,1
2363,4,3,3,3,0,1
2880,3,3,0,3,0,0
1217,6,4,3,4,0,1
1715,8,4,4,4,0,2
112,6,3,4,4,3,1
454,6,4,4,4,4,2
2253,7,3,4,3,3,1
560,5,4,3,4,0,2
303,2,3,3,3,0,1
1004,6,3,4,3,3,3
2167,5,4,4,4,0,3
2440,6,3,4,3,3,3
2810,7,4,4,4,0,2
2872,6,4,3,4,3,2
1072,7,4,4,4,4,2
1654,7,3,3,3,3,2
2394,8,4,5,4,4,3
2212,7,3,3,4,3,1
2628,5,3,3,3,0,0
2526,7,3,3,3,4,2
969,9,5,5,5,4,3
306,4,3,3,3,0,2
25,5,3,3,3,2,3
311,6,3,3,4,2,1
300,8,4,4,4,3,1
2775,6,3,4,4,0,2
2862,4,3,2,2,4,1
525,8,4,5,4,4,3
2730,5,3,3,3,2,1
1892,6,3,3,3,0,2
2288,4,3,3,3,0,0
2728,7,4,3,3,3,3
1065,9,4,5,5,4,3
2842,4,3,3,3,4,0
2011,6,3,3,3,3,1
1140,6,4,4,4,0,2
1051,8,5,5,5,4,3
1587,8,4,4,4,4,3
785,4,3,3,3,0,1
916,6,3,3,3,3,1
639,4,3,3,3,4,1
10,7,3,3,4,3,3
