Id,Total Bsmt SF,1st Flr SF,Gr Liv Area,Garage Area
109,725.0,725,1479,475.0
544,913.0,913,2122,559.0
153,1057.0,1057,1057,246.0
318,384.0,744,1444,400.0
255,676.0,831,1445,484.0
138,1517.0,1888,1888,578.0
2827,547.0,1072,1072,525.0
145,1188.0,1188,1188,531.0
1942,924.0,924,924,420.0
1956,1040.0,1040,2080,504.0
1044,483.0,483,987,264.0
2752,1208.0,1208,1208,632.0
807,0.0,1288,2016,576.0
1177,960.0,962,1607,480.0
1480,1351.0,1361,1361,610.0
324,1430.0,1430,1430,624.0
1311,624.0,624,1344,513.0
770,1121.0,1121,1121,480.0
2063,660.0,1285,1285,528.0
69,756.0,764,1547,614.0
2062,894.0,894,894,450.0
351,1501.0,1659,1659,499.0
2393,1209.0,1209,2253,575.0
12,1168.0,1187,1187,420.0
2339,1056.0,1056,1056,572.0
624,1453.0,1453,1453,530.0
86,894.0,894,894,336.0
1534,942.0,1265,1938,240.0
2243,957.0,1034,1991,0.0
1957,672.0,672,924,576.0
380,2524.0,2524,2524,542.0
2860,792.0,792,1517,400.0
2517,1494.0,1494,1494,481.0
1933,948.0,948,948,410.0
820,1705.0,1718,1718,826.0
675,160.0,1142,1142,384.0
2910,757.0,925,1475,336.0
21,1844.0,1844,1844,546.0
1873,1242.0,1242,1242,528.0
2125,990.0,990,990,384.0
1489,1256.0,1256,1256,276.0
2383,2076.0,2076,2076,850.0
983,1097.0,1110,1110,602.0
1325,1050.0,1050,1795,352.0
1378,1040.0,1040,1040,384.0
1537,608.0,983,1873,786.0
905,984.0,984,1604,660.0
1532,776.0,851,1502,270.0
132,1056.0,1063,1063,280.0
1078,764.0,764,1626,474.0
2511,756.0,768,1524,440.0
912,1122.0,1328,1981,576.0
2351,1392.0,1392,2784,564.0
330,546.0,546,1092,0.0
2586,216.0,1575,1575,400.0
224,663.0,663,1352,299.0
98,600.0,600,1200,480.0
2565,936.0,936,936,240.0
1934,1040.0,1040,1040,293.0
997,916.0,916,1636,386.0
64,1152.0,1164,2270,671.0
1799,1184.0,1184,2610,550.0
230,1420.0,1483,1483,690.0
1295,936.0,960,1740,225.0
638,1382.0,1382,1382,350.0
2278,1120.0,1120,1120,0.0
2202,531.0,567,1098,216.0
2833,976.0,976,1708,380.0
1707,1802.0,1802,1802,843.0
2428,1362.0,1506,1506,440.0
242,1508.0,1508,1508,572.0
1564,1840.0,2032,2032,786.0
2613,655.0,1194,1194,539.0
2832,970.0,970,1709,380.0
2459,1616.0,1616,1616,834.0
1360,768.0,768,768,440.0
2723,872.0,872,872,322.0
1350,520.0,520,520,240.0
136,1105.0,1105,2274,480.0
2235,936.0,936,1601,0.0
1993,616.0,616,1232,480.0
367,2216.0,2234,2234,1166.0
1309,876.0,876,1416,720.0
402,864.0,864,864,576.0
1592,1189.0,1189,1189,392.0
2409,1666.0,1666,1666,575.0
539,1176.0,1200,1200,555.0
1940,928.0,928,928,252.0
588,1288.0,1336,1336,502.0
96,600.0,600,1200,480.0
1187,1427.0,1427,1427,516.0
2154,860.0,1212,1992,608.0
550,754.0,754,1540,495.0
811,0.0,1535,1535,400.0
124,1152.0,1152,1152,484.0
1836,1141.0,1151,1151,484.0
779,1138.0,1138,1138,480.0
1886,894.0,1074,1074,396.0
1724,1561.0,1561,1561,556.0
2450,1342.0,1358,2726,725.0
1013,1884.0,1884,1884,670.0
2084,528.0,605,605,0.0
1184,1426.0,1671,1671,550.0
728,245.0,797,797,0.0
950,804.0,804,1961,560.0
2524,1153.0,1193,1193,501.0
2513,673.0,673,1382,490.0
2028,714.0,1664,2526,216.0
2309,1705.0,1390,1390,550.0
51,764.0,764,1626,474.0
699,690.0,868,1558,400.0
1881,978.0,1422,1422,286.0
1345,1078.0,1128,1573,360.0
166,1116.0,1116,1116,440.0
781,0.0,660,660,0.0
379,1140.0,1707,1707,479.0
2818,1466.0,1466,1466,528.0
1168,1614.0,1638,1638,495.0
1396,988.0,1721,1721,626.0
838,928.0,928,1764,470.0
1492,996.0,996,996,0.0
637,1202.0,1202,1202,304.0
1826,988.0,988,988,572.0
173,1008.0,1028,1028,360.0
715,720.0,720,1284,240.0
1183,994.0,1599,2944,864.0
2433,707.0,707,1414,403.0
2866,637.0,959,1609,579.0
2311,813.0,813,1525,400.0
1551,624.0,1092,1656,288.0
1049,1055.0,1055,1055,440.0
657,676.0,676,1352,720.0
414,855.0,855,1456,440.0
1181,1719.0,1719,1719,473.0
1514,864.0,864,864,0.0
1040,483.0,483,987,264.0
216,780.0,780,1020,0.0
1720,1554.0,1554,1554,627.0
2331,1528.0,1528,3390,758.0
204,780.0,780,1560,0.0
19,864.0,864,864,400.0
2438,982.0,1008,1889,431.0
89,1040.0,1040,1040,260.0
240,1172.0,1172,1172,366.0
105,1642.0,1418,1418,852.0
2020,884.0,959,1367,560.0
888,0.0,495,1922,672.0
1019,1422.0,1422,1422,576.0
2132,985.0,985,1842,486.0
203,888.0,888,1962,572.0
420,864.0,1120,1120,656.0
2333,1992.0,1992,2868,716.0
632,1478.0,1478,1478,442.0
2800,930.0,950,1995,610.0
1885,912.0,912,912,297.0
1734,1326.0,1326,1326,388.0
2327,1191.0,1204,1204,461.0
1282,780.0,798,1611,442.0
2688,960.0,960,960,576.0
2581,1070.0,1236,1236,447.0
2067,816.0,1416,1416,576.0
2115,929.0,946,1873,619.0
754,1040.0,1088,2128,0.0
1079,764.0,764,1626,474.0
2615,816.0,816,816,308.0
329,536.0,536,1112,336.0
1320,572.0,572,1111,288.0
416,855.0,855,1441,440.0
284,672.0,672,924,280.0
1385,1060.0,1126,1126,506.0
275,381.0,992,992,319.0
2024,768.0,752,1376,576.0
68,1218.0,1218,1218,676.0
1910,728.0,888,1644,312.0
381,1271.0,1601,1601,478.0
1323,1313.0,1313,2495,342.0
2432,783.0,807,1509,393.0
777,1092.0,1092,1092,288.0
1107,1311.0,1325,2418,983.0
30,483.0,483,987,264.0
282,1121.0,1121,1121,440.0
188,912.0,1236,1236,923.0
2356,1056.0,1074,1074,495.0
1554,0.0,733,733,487.0
1464,884.0,884,1768,543.0
2469,1257.0,1266,1266,453.0
1834,1683.0,2129,2872,541.0
1779,1485.0,1464,1464,754.0
2569,924.0,1216,2157,487.0
2334,1234.0,1264,2576,666.0
2330,1398.0,1414,2798,670.0
2119,966.0,1743,1743,529.0
988,1567.0,1567,1567,714.0
382,1090.0,1370,1370,479.0
670,1248.0,1338,2634,968.0
2760,1570.0,1590,1590,754.0
543,1450.0,1450,1450,788.0
2835,832.0,846,1338,528.0
1735,728.0,728,1456,400.0
448,2392.0,2392,2392,968.0
2287,530.0,530,992,297.0
524,1017.0,1026,2007,812.0
1767,1066.0,1108,2385,600.0
2206,918.0,918,1646,240.0
1740,728.0,728,1456,400.0
199,528.0,548,1040,624.0
2214,1370.0,1370,2624,864.0
323,1068.0,1264,1264,528.0
2421,1374.0,1557,1557,420.0
952,957.0,1287,1287,541.0
24,1004.0,1004,1004,480.0
1139,1162.0,1162,1162,483.0
518,1436.0,1436,1436,529.0
1390,960.0,960,960,300.0
277,1196.0,1196,1196,336.0
54,1256.0,1269,1269,430.0
649,1031.0,1031,1031,230.0
2600,448.0,448,720,280.0
617,1505.0,1505,1505,505.0
2209,920.0,954,954,240.0
2814,750.0,750,1500,564.0
2542,1050.0,1050,1050,368.0
2323,2062.0,2079,2687,618.0
1393,1602.0,1252,1252,564.0
490,384.0,774,1430,400.0
542,1114.0,1114,1114,576.0
973,1224.0,1224,1224,402.0
1012,1122.0,1134,2504,656.0
2218,728.0,760,1355,528.0
2033,741.0,1497,2294,658.0
1071,1702.0,1702,1702,1052.0
1583,1461.0,1509,1509,600.0
2858,756.0,961,1717,642.0
2265,1265.0,1240,1240,528.0
1088,856.0,1166,1166,400.0
698,504.0,764,1464,0.0
1896,1592.0,1652,1652,510.0
628,896.0,1182,2142,509.0
1212,1092.0,1092,1092,504.0
2864,1022.0,1122,1671,451.0
2740,0.0,1488,1488,569.0
2560,1444.0,1624,1624,240.0
1716,1362.0,1362,1362,460.0
1130,1218.0,1218,1218,462.0
201,1124.0,1068,1068,288.0
2886,1625.0,1625,1625,576.0
2328,1064.0,1064,1767,504.0
2583,1050.0,1050,1050,286.0
1206,907.0,907,907,352.0
2242,0.0,640,845,256.0
1105,1242.0,1251,2501,751.0
121,1209.0,1209,1209,504.0
1223,348.0,453,906,231.0
265,1581.0,1601,1601,670.0
2813,1336.0,1336,1336,502.0
1294,801.0,1095,1656,440.0
2745,0.0,1124,1124,0.0
1094,982.0,1008,1892,431.0
651,978.0,1014,1699,420.0
198,780.0,780,1416,312.0
131,728.0,1306,1306,0.0
1258,672.0,672,672,308.0
1599,1113.0,1160,1160,257.0
1508,911.0,930,930,286.0
615,420.0,708,708,0.0
1815,1575.0,1575,1575,529.0
2712,1059.0,1059,1059,286.0
2051,1005.0,1005,1005,440.0
1863,1057.0,1057,1929,650.0
2510,600.0,520,1200,480.0
1069,1765.0,1804,2690,795.0
336,833.0,833,833,495.0
2417,728.0,728,1456,429.0
1962,864.0,864,864,720.0
372,1362.0,1586,1586,435.0
2578,1058.0,1370,1370,300.0
2824,914.0,914,914,0.0
471,1373.0,1555,1555,430.0
1544,716.0,716,1556,452.0
2141,882.0,882,882,461.0
2008,915.0,1167,1167,495.0
1075,1800.0,1800,1800,944.0
34,855.0,855,1456,440.0
847,831.0,831,1660,493.0
1629,384.0,812,1482,392.0
2073,1190.0,1522,1522,552.0
960,2190.0,2036,2036,780.0
955,1582.0,1595,1595,672.0
2476,891.0,891,1686,462.0
1590,1344.0,1344,1344,784.0
2913,1652.0,1652,1652,928.0
149,832.0,832,1337,263.0
2525,570.0,1222,1920,487.0
1470,848.0,848,848,420.0
412,1057.0,1055,1055,440.0
1399,1291.0,1291,1291,431.0
183,624.0,720,720,484.0
974,462.0,526,988,297.0
930,1067.0,986,1523,295.0
881,864.0,864,1728,572.0
1180,1230.0,1239,1239,477.0
1553,1151.0,1151,1955,356.0
928,704.0,860,1564,234.0
1512,416.0,1204,1204,312.0
3,1329.0,1329,1329,312.0
2140,864.0,879,879,440.0
553,721.0,841,841,294.0
2594,784.0,900,1312,649.0
1314,735.0,1134,2058,396.0
366,1220.0,1360,1360,565.0
1462,1778.0,1786,1786,715.0
2541,825.0,1097,1993,495.0
2088,951.0,986,1362,280.0
527,1092.0,1112,1550,438.0
1824,1140.0,1696,1696,349.0
2918,546.0,546,1092,286.0
49,1752.0,1752,1752,576.0
2332,1094.0,1102,2473,675.0
826,1800.0,1800,1800,702.0
1108,1080.0,1108,2197,783.0
2041,720.0,854,1382,660.0
57,847.0,847,1733,433.0
520,1402.0,1402,1402,625.0
2305,864.0,887,887,288.0
2533,1051.0,1051,1051,504.0
2852,755.0,755,1510,216.0
1198,1656.0,1656,1656,506.0
1681,1078.0,958,958,440.0
1773,3200.0,3228,3228,546.0
1825,1040.0,1040,1040,686.0
2208,661.0,661,1250,552.0
1646,585.0,1140,1868,477.0
1060,1620.0,1632,2790,1150.0
748,844.0,1445,2134,441.0
2846,686.0,948,1928,0.0
493,992.0,1022,2060,390.0
694,901.0,861,1378,162.0
2283,1249.0,1622,1622,1356.0
1800,955.0,955,1880,880.0
1632,1074.0,1088,1088,461.0
2624,1040.0,1040,1040,286.0
2197,602.0,900,1502,180.0
1045,483.0,483,987,264.0
2549,588.0,1095,1095,264.0
2829,970.0,970,1709,380.0
2480,836.0,844,1731,462.0
2724,648.0,960,960,364.0
2352,713.0,811,1552,434.0
1783,1795.0,1795,1795,895.0
338,624.0,624,1274,576.0
196,572.0,848,1196,576.0
762,560.0,704,704,220.0
151,972.0,972,972,305.0
158,912.0,912,1458,330.0
2572,1008.0,1008,1008,430.0
1686,1822.0,1828,1828,774.0
943,1013.0,1013,1526,0.0
735,698.0,786,1176,624.0
2741,1057.0,1057,1057,288.0
1106,2109.0,2113,2113,839.0
2375,943.0,1387,1387,300.0
1701,1704.0,1722,2758,814.0
2657,798.0,840,840,250.0
907,793.0,848,1520,281.0
1777,1542.0,1542,1542,852.0
164,910.0,910,1385,720.0
1973,896.0,936,936,288.0
2857,824.0,824,1288,240.0
1208,1120.0,1128,1128,525.0
319,774.0,774,1968,680.0
2567,1246.0,1246,1246,441.0
2222,800.0,960,1740,240.0
2493,925.0,925,925,484.0
1757,384.0,774,1430,400.0
184,930.0,930,1566,288.0
1248,984.0,950,950,400.0
2574,1144.0,1144,1144,796.0
1215,1114.0,1114,1114,451.0
1614,2223.0,2223,2223,516.0
2039,530.0,581,1111,288.0
2669,960.0,960,960,624.0
1005,932.0,932,1633,460.0
753,755.0,929,2229,0.0
1275,936.0,984,984,280.0
2350,1686.0,1686,1686,612.0
2762,1614.0,1614,1614,576.0
2788,864.0,864,864,297.0
2384,1721.0,1740,1740,874.0
2716,1461.0,1721,1721,440.0
313,1012.0,1034,1034,888.0
84,0.0,1318,1902,539.0
81,1040.0,1097,1097,480.0
2389,1090.0,1117,2206,670.0
280,1029.0,1117,1117,672.0
190,777.0,1246,2290,560.0
2371,483.0,483,948,264.0
213,600.0,600,919,231.0
1864,912.0,1152,1152,412.0
37,1590.0,1627,2334,751.0
146,1268.0,1264,1264,461.0
809,1086.0,1224,1224,528.0
767,672.0,697,1369,300.0
262,894.0,894,894,308.0
101,756.0,769,1573,440.0
48,1671.0,1687,2250,756.0
489,794.0,819,1514,394.0
2369,672.0,672,1218,0.0
707,811.0,811,1387,256.0
1556,649.0,649,1317,250.0
2034,684.0,773,1355,0.0
308,756.0,952,952,330.0
2176,1143.0,1113,1113,504.0
1549,740.0,778,778,924.0
909,778.0,944,1489,240.0
892,1698.0,1698,1698,768.0
2045,1005.0,1262,2267,498.0
2927,864.0,902,902,484.0
1732,738.0,738,1495,440.0
998,1348.0,1384,1384,404.0
2203,585.0,851,1436,228.0
356,952.0,952,1636,440.0
2475,1158.0,1158,1158,576.0
2264,1638.0,1646,1646,870.0
2201,731.0,981,1768,240.0
2545,1187.0,1565,1565,299.0
2660,880.0,880,1768,320.0
2882,660.0,1060,1396,0.0
1379,1008.0,1096,1096,484.0
491,1177.0,1223,2312,658.0
1002,1337.0,1337,1337,462.0
1848,551.0,551,1102,480.0
1455,1128.0,1128,2031,577.0
908,290.0,438,438,246.0
1490,456.0,1033,1033,504.0
1465,1129.0,1129,2327,596.0
1627,1168.0,1187,1187,420.0
2849,780.0,816,1340,440.0
1501,0.0,1152,1152,0.0
626,1562.0,1567,1567,542.0
722,650.0,832,1482,324.0
2260,1689.0,1689,1689,433.0
1639,1100.0,1424,1424,828.0
1603,816.0,816,816,264.0
1520,1228.0,1424,1424,312.0
1665,725.0,725,1479,484.0
2635,1025.0,1025,1025,0.0
581,1442.0,1442,1442,615.0
2435,1406.0,1454,1936,504.0
2799,1054.0,1070,1939,555.0
883,738.0,738,1476,540.0
2537,833.0,898,898,326.0
1120,1460.0,1460,1460,480.0
774,456.0,1034,1034,504.0
1447,864.0,1174,1174,528.0
104,530.0,530,1080,496.0
2694,780.0,780,1376,198.0
920,840.0,840,1567,440.0
1951,736.0,751,1534,0.0
9,1595.0,1616,1616,608.0
2848,1058.0,1058,1551,240.0
614,960.0,960,960,330.0
1736,1302.0,1302,1302,436.0
2686,816.0,816,816,210.0
2257,1502.0,1502,1502,286.0
1284,192.0,1133,1133,308.0
1765,1408.0,1671,3078,806.0
1811,928.0,936,1721,471.0
2603,1077.0,981,1760,648.0
2220,1028.0,1436,2320,180.0
2273,1122.0,1146,2486,452.0
163,1246.0,1246,1246,305.0
2116,1444.0,1444,2144,389.0
2734,799.0,799,1150,215.0
426,1566.0,1600,1600,890.0
2216,930.0,1230,1755,231.0
2900,1800.0,1800,1800,765.0
97,600.0,600,1200,480.0
1680,765.0,765,1365,440.0
1133,835.0,835,1696,542.0
2761,945.0,945,1809,638.0
1642,2220.0,2234,2234,724.0
1141,886.0,886,1680,474.0
2118,832.0,976,2087,444.0
870,1462.0,1513,1513,521.0
1875,949.0,1107,1107,308.0
155,0.0,827,827,392.0
1318,742.0,742,1484,0.0
1285,680.0,764,764,504.0
2400,1792.0,1792,1792,874.0
1068,1479.0,1515,2649,746.0
361,808.0,808,1593,389.0
1493,1138.0,1181,1181,588.0
1110,1986.0,1987,1987,691.0
911,583.0,647,1242,180.0
2535,976.0,976,976,504.0
2030,969.0,969,1214,216.0
2634,864.0,864,864,336.0
1530,1064.0,1166,1639,240.0
435,1736.0,1736,1736,834.0
812,0.0,1535,1535,400.0
1202,800.0,800,1632,484.0
666,630.0,725,725,320.0
1751,840.0,840,1720,440.0
705,936.0,936,936,576.0
1744,1406.0,1589,1589,630.0
357,799.0,799,1571,380.0
2133,1453.0,1479,1479,558.0
989,784.0,784,1632,898.0
562,864.0,864,864,360.0
1054,1452.0,1476,2713,858.0
2850,624.0,743,1479,312.0
1082,1393.0,1576,1576,668.0
1440,1468.0,1479,1479,577.0
2006,756.0,916,1060,308.0
2082,0.0,943,943,308.0
2344,1204.0,1377,2183,786.0
248,1050.0,1062,1949,574.0
2276,1824.0,1824,1824,932.0
755,720.0,1146,1930,316.0
1178,970.0,1469,2393,846.0
2636,716.0,1007,2014,624.0
2077,484.0,1242,1242,336.0
2930,996.0,996,2000,650.0
737,780.0,825,1412,280.0
837,990.0,990,990,440.0
2086,1342.0,1342,1342,256.0
2385,1868.0,1868,1868,1085.0
189,622.0,741,1363,528.0
635,1240.0,1632,1632,338.0
432,1722.0,1728,2296,842.0
900,1678.0,1678,1678,0.0
966,1267.0,1296,1296,471.0
1612,1587.0,1587,1587,525.0
904,720.0,854,1298,256.0
2487,1728.0,1728,1728,504.0
1304,928.0,928,928,288.0
2112,879.0,879,1795,578.0
1244,1080.0,1080,1080,288.0
843,866.0,866,1779,546.0
2689,485.0,1001,1635,255.0
2753,1199.0,1220,1220,632.0
1169,1310.0,1310,1310,545.0
1376,644.0,808,1355,0.0
2503,1095.0,1166,2295,590.0
1987,1075.0,1156,1798,342.0
1190,1620.0,1620,1620,578.0
1930,1216.0,1216,1216,336.0
2677,896.0,896,1344,240.0
1256,747.0,747,1159,288.0
2484,1056.0,1056,1056,384.0
1253,832.0,832,1216,336.0
1337,862.0,950,1158,208.0
1788,1538.0,1538,1538,484.0
141,1143.0,1143,1143,308.0
1669,858.0,872,872,480.0
1366,319.0,1035,1406,0.0
52,1324.0,1324,1324,430.0
1380,876.0,904,904,408.0
919,1276.0,1276,2080,282.0
2804,848.0,848,848,420.0
782,1104.0,1104,1788,304.0
956,819.0,1344,1344,525.0
187,840.0,1128,2256,0.0
2074,1151.0,1164,2060,521.0
1039,1405.0,1337,1337,511.0
1210,1127.0,1165,1165,490.0
2710,1164.0,1320,1320,564.0
44,1517.0,1535,1535,532.0
1026,738.0,1277,2044,489.0
1343,704.0,624,1136,336.0
2248,1001.0,1299,1299,486.0
1849,776.0,764,1441,492.0
2076,1073.0,1630,1630,649.0
2641,728.0,832,1641,546.0
5,928.0,928,1629,482.0
878,848.0,848,848,420.0
1548,816.0,816,816,432.0
841,1097.0,1097,1097,672.0
1621,1494.0,1652,1652,499.0
218,1768.0,1768,1768,0.0
1504,0.0,1152,1152,0.0
946,0.0,810,810,280.0
455,1350.0,1358,1358,484.0
2906,1216.0,1216,1216,402.0
2878,967.0,967,1638,384.0
1173,600.0,624,1252,462.0
985,828.0,883,883,698.0
975,864.0,874,874,288.0
202,576.0,902,1710,480.0
528,1836.0,1836,1836,517.0
2579,1092.0,1092,1092,299.0
1841,1241.0,1241,1241,569.0
591,1350.0,1334,1334,630.0
1897,1144.0,1429,1429,572.0
70,1566.0,1566,1566,750.0
590,908.0,1316,2288,520.0
1172,1698.0,1709,1709,506.0
1714,1721.0,1721,1721,554.0
829,1254.0,1254,1254,810.0
1397,576.0,864,1350,627.0
877,1630.0,1630,1630,451.0
2477,784.0,831,1585,449.0
2871,1165.0,1336,1336,375.0
2489,864.0,1211,1211,576.0
1655,1259.0,1353,1353,478.0
1891,1174.0,1200,1200,440.0
1419,1475.0,1532,2329,514.0
1473,1536.0,1536,1536,532.0
2868,1073.0,1811,1811,470.0
1695,1063.0,1071,2172,947.0
2244,1073.0,1073,1073,720.0
169,756.0,1051,1839,442.0
2670,1020.0,1020,1020,0.0
247,946.0,964,1802,1017.0
2137,995.0,1009,1009,576.0
1794,1338.0,1338,1338,598.0
1498,0.0,3820,3820,624.0
1164,689.0,703,1392,540.0
1179,1260.0,1288,1288,500.0
1340,992.0,1013,1013,160.0
436,1782.0,1782,1782,932.0
1636,1922.0,1922,1922,676.0
421,1700.0,1718,1718,786.0
457,2492.0,2492,2492,949.0
2834,624.0,624,936,265.0
517,1218.0,1218,1218,676.0
1566,910.0,910,1820,816.0
1439,880.0,880,1724,527.0
2577,1121.0,1336,1336,488.0
2241,910.0,910,1558,282.0
71,991.0,991,1947,678.0
1143,832.0,832,1657,483.0
1021,2048.0,2064,2064,550.0
1416,1164.0,1164,1164,240.0
35,836.0,836,836,308.0
2904,0.0,1600,1600,270.0
2174,816.0,816,816,0.0
522,1766.0,1766,1766,478.0
2211,1001.0,1001,2002,871.0
1539,798.0,1137,1954,431.0
2420,1220.0,1364,1364,437.0
2779,916.0,920,1861,492.0
953,0.0,1302,1734,539.0
658,405.0,717,1039,281.0
714,677.0,833,1510,720.0
1637,1149.0,1164,2541,729.0
538,1512.0,1512,1512,845.0
546,1454.0,1434,1434,527.0
533,812.0,812,1653,628.0
718,917.0,1090,2007,357.0
1830,1037.0,1037,1037,431.0
2929,1389.0,1389,1389,418.0
2207,440.0,694,694,352.0
1417,572.0,572,1096,0.0
2787,894.0,894,894,552.0
1037,864.0,864,864,576.0
2659,1095.0,1095,1774,779.0
1567,1096.0,1118,1118,358.0
1225,1032.0,1032,1252,288.0
685,1148.0,1148,1148,672.0
1358,588.0,833,1666,228.0
1461,1357.0,1366,1947,725.0
221,912.0,912,912,336.0
2187,1195.0,1195,1195,0.0
2504,1624.0,1624,1624,757.0
855,914.0,914,914,444.0
2258,1350.0,1328,1328,308.0
2205,686.0,686,1461,225.0
1158,930.0,1364,2683,473.0
1741,1246.0,1258,1258,462.0
2735,896.0,1112,2008,230.0
1888,864.0,1187,1187,440.0
2121,990.0,990,990,299.0
1176,960.0,962,1586,480.0
2773,990.0,990,990,576.0
2619,1484.0,1600,1600,319.0
1796,896.0,896,1792,590.0
1598,462.0,526,988,297.0
1965,1170.0,1170,1170,338.0
2651,738.0,714,1376,216.0
609,1154.0,1154,1154,480.0
1990,725.0,909,1772,816.0
1053,2078.0,2084,2084,1220.0
2877,951.0,951,951,327.0
497,1455.0,1466,2687,810.0
514,2458.0,2490,2490,795.0
759,1204.0,1204,1666,384.0
2474,1141.0,1141,1141,484.0
1193,732.0,732,1464,470.0
1415,1117.0,820,1347,0.0
2048,672.0,778,1282,240.0
2483,636.0,636,1320,472.0
2883,216.0,576,936,0.0
1111,1580.0,1580,1580,830.0
2072,1643.0,1824,1824,739.0
1450,864.0,1558,1558,440.0
274,0.0,640,640,240.0
413,855.0,855,1322,440.0
751,910.0,916,1826,164.0
2897,1309.0,1339,1339,484.0
207,0.0,372,1092,0.0
2269,868.0,1146,1146,438.0
891,1041.0,1125,1125,352.0
2863,1017.0,1020,2057,180.0
1298,481.0,899,899,200.0
1292,828.0,828,1594,0.0
1687,1694.0,1694,1694,818.0
2749,777.0,1065,1911,471.0
2875,432.0,672,672,0.0
1029,1193.0,1523,1523,478.0
1581,1606.0,1651,1651,616.0
612,1041.0,1041,1041,270.0
139,1604.0,1604,1604,576.0
1335,981.0,1014,1672,240.0
2531,1164.0,1164,1164,528.0
681,1041.0,1041,1041,294.0
1383,450.0,1034,1034,504.0
1359,796.0,825,1609,228.0
1226,572.0,1337,1337,264.0
63,1463.0,1500,2622,712.0
1869,1594.0,1594,1594,472.0
2468,1262.0,1262,1262,572.0
1135,1175.0,1175,1175,0.0
719,624.0,664,1288,280.0
405,630.0,630,1302,280.0
2506,1247.0,1247,1247,550.0
2380,1738.0,1738,2589,831.0
1565,1568.0,1689,1689,857.0
1727,1405.0,1405,1405,478.0
1661,1228.0,1324,1324,585.0
1967,1377.0,1377,1377,351.0
2267,872.0,888,1756,422.0
1389,1228.0,1228,1228,271.0
2553,1008.0,1008,1008,275.0
1459,1153.0,1153,2031,541.0
1739,752.0,752,1504,440.0
172,936.0,936,936,0.0
788,0.0,1383,1383,498.0
1979,967.0,967,967,180.0
1801,1656.0,1656,1656,826.0
931,1092.0,1152,1152,300.0
2471,1142.0,1142,1142,0.0
2899,1381.0,1403,1403,470.0
2544,1626.0,1712,1712,588.0
1386,1198.0,1258,1258,400.0
315,747.0,1687,1687,572.0
1932,1560.0,1560,1560,484.0
1660,793.0,1142,1935,550.0
2353,1047.0,1083,1083,596.0
2139,876.0,907,907,308.0
1585,1666.0,1675,1675,435.0
1602,988.0,988,988,520.0
2888,1491.0,1491,1491,490.0
965,1645.0,1479,1479,578.0
645,631.0,1112,1112,480.0
789,1436.0,1689,1689,480.0
1015,1710.0,1710,1710,557.0
1264,1253.0,1253,1253,352.0
1972,864.0,864,864,294.0
1481,728.0,728,1456,410.0
954,1188.0,1217,1217,497.0
2499,1748.0,2151,2646,550.0
824,866.0,866,1768,578.0
2769,870.0,914,914,576.0
123,533.0,1131,1775,480.0
1862,1361.0,1361,2620,600.0
1308,797.0,830,1627,420.0
1758,660.0,660,1320,400.0
2236,732.0,772,1123,264.0
2912,864.0,874,874,288.0
2093,1502.0,1553,2730,576.0
2128,824.0,905,1786,684.0
679,0.0,1040,1040,420.0
1313,973.0,1377,2350,393.0
2534,900.0,884,1770,530.0
1273,1269.0,1269,1269,308.0
219,1039.0,1039,1039,504.0
133,1156.0,1520,1520,364.0
38,1704.0,1704,1704,772.0
2408,1686.0,1686,1686,899.0
1575,1638.0,1646,1646,800.0
1671,914.0,914,914,270.0
2000,1149.0,1149,1616,216.0
2621,720.0,720,1192,0.0
1996,1008.0,1178,2210,205.0
1976,845.0,866,1296,576.0
1861,2461.0,2497,2497,676.0
1600,546.0,546,1092,0.0
298,423.0,896,1652,473.0
875,880.0,909,1716,512.0
1205,0.0,1014,1014,267.0
763,1200.0,1200,1200,0.0
512,1422.0,1432,1432,492.0
592,1650.0,1680,1680,583.0
1255,0.0,869,869,390.0
355,832.0,885,1718,427.0
1676,525.0,525,1092,264.0
2599,715.0,715,715,660.0
312,1560.0,1560,1560,573.0
1124,866.0,866,1768,603.0
1702,2320.0,2290,2290,1174.0
2434,848.0,848,1598,433.0
1432,990.0,990,990,528.0
689,941.0,941,941,564.0
1349,611.0,751,1362,502.0
1759,915.0,940,1690,442.0
893,547.0,1072,1072,525.0
944,572.0,572,572,200.0
2109,1546.0,1546,1546,796.0
316,1336.0,1346,1346,660.0
2529,732.0,1012,1790,484.0
1448,940.0,1026,1026,576.0
871,1504.0,1504,1504,478.0
142,1398.0,1700,1700,447.0
1515,864.0,864,864,0.0
1970,822.0,1020,1851,440.0
572,756.0,756,1512,440.0
2200,651.0,759,1298,240.0
2147,1673.0,1673,1673,583.0
249,936.0,996,996,564.0
162,816.0,816,1224,280.0
664,840.0,840,1374,338.0
1516,780.0,936,1716,0.0
16,1650.0,1690,3279,841.0
1808,1143.0,1143,1143,0.0
425,1652.0,1652,1652,840.0
1372,1046.0,1054,1054,240.0
2495,935.0,935,935,288.0
661,1313.0,1313,2377,528.0
1301,924.0,1122,1122,528.0
396,1180.0,1180,1180,477.0
2663,815.0,815,1690,225.0
50,1370.0,1370,1370,484.0
886,1486.0,1486,1486,480.0
696,676.0,676,1131,200.0
2454,1286.0,1565,2799,704.0
2106,728.0,728,1456,440.0
353,1587.0,1734,1734,528.0
441,1504.0,1531,1531,700.0
2270,1922.0,1922,1922,692.0
1924,1144.0,1144,1144,336.0
1402,1385.0,1363,1363,439.0
1070,1858.0,1866,1866,870.0
2696,1007.0,1077,1077,210.0
1840,1550.0,1550,1550,528.0
1562,1594.0,1646,1646,482.0
2426,1248.0,1248,1248,438.0
1162,1235.0,1245,1245,495.0
1874,1052.0,1052,1052,311.0
111,1829.0,1829,1829,535.0
1207,952.0,952,952,283.0
140,1480.0,1480,1480,620.0
545,1844.0,1844,1844,620.0
1338,825.0,825,1497,672.0
2873,976.0,976,976,215.0
924,876.0,964,964,432.0
844,1490.0,1501,1501,577.0
901,1150.0,1560,1560,313.0
2195,1440.0,1440,3395,0.0
2081,864.0,864,864,399.0
2774,1525.0,1525,1525,541.0
2573,1106.0,1190,1190,540.0
1793,1302.0,1302,1830,859.0
882,1500.0,1500,1500,570.0
2791,826.0,878,1762,591.0
297,1902.0,1902,1902,567.0
509,1614.0,1658,1658,726.0
1115,1498.0,1506,1506,592.0
773,864.0,899,899,288.0
732,297.0,1001,1654,336.0
1552,520.0,912,912,360.0
226,1319.0,1373,1373,591.0
2830,970.0,970,1709,380.0
2238,816.0,816,816,100.0
982,384.0,1091,1091,429.0
1265,1081.0,1081,1081,401.0
559,1024.0,1020,1020,288.0
1203,944.0,999,999,588.0
2083,1440.0,1440,1440,0.0
2130,853.0,853,1753,534.0
2455,1100.0,1116,1964,760.0
535,1141.0,1141,1141,484.0
2019,832.0,854,854,576.0
2655,770.0,885,1182,378.0
2391,1606.0,1625,2091,521.0
154,576.0,985,985,676.0
999,729.0,729,1446,406.0
1400,1160.0,1156,2022,505.0
2807,847.0,847,1948,434.0
516,768.0,786,1590,676.0
1753,847.0,847,1948,434.0
734,672.0,757,1324,240.0
1209,1425.0,1425,1425,576.0
1994,662.0,1422,2337,560.0
1901,822.0,908,908,512.0
2413,738.0,738,1492,440.0
2630,1150.0,1150,1150,288.0
1428,1080.0,1080,2097,678.0
1271,1256.0,1256,1256,311.0
2464,1095.0,1095,1939,1053.0
2653,816.0,816,1566,450.0
1505,784.0,784,784,0.0
2110,1489.0,1500,1500,674.0
2386,1833.0,1850,1850,772.0
1086,789.0,813,1515,393.0
1574,1518.0,1537,1537,788.0
406,483.0,483,987,288.0
2757,1391.0,1391,1962,868.0
2559,1251.0,1433,1433,441.0
1469,848.0,848,848,420.0
407,483.0,483,987,264.0
2300,845.0,845,845,360.0
731,952.0,952,1548,672.0
2230,2035.0,2515,2515,484.0
1688,1694.0,1694,1694,856.0
880,1578.0,1602,1602,810.0
1074,1684.0,1684,1684,564.0
771,918.0,918,1683,440.0
724,1088.0,1188,1869,456.0
730,1022.0,1432,1432,216.0
273,1414.0,1414,1414,494.0
2793,1348.0,1358,1358,418.0
1789,1496.0,1496,1496,474.0
1900,932.0,932,932,306.0
677,0.0,1040,1040,400.0
747,1072.0,1072,1072,1184.0
1038,864.0,864,864,576.0
1763,969.0,997,2285,648.0
1283,1117.0,1117,1117,264.0
2803,848.0,848,848,420.0
1927,1048.0,1048,1048,286.0
1036,936.0,936,936,288.0
1237,931.0,1283,1283,506.0
1375,0.0,1120,1588,680.0
1643,1742.0,2042,2042,724.0
2453,1165.0,1203,2526,844.0
2129,988.0,988,1873,597.0
2640,780.0,940,1416,400.0
2437,953.0,953,1664,460.0
1123,1428.0,1428,1428,480.0
2398,1792.0,1792,1792,925.0
1420,1077.0,1093,2814,614.0
2693,610.0,819,819,0.0
1370,536.0,808,1344,0.0
392,689.0,1378,2119,583.0
1351,672.0,1072,1285,240.0
246,1433.0,1433,1433,528.0
802,1496.0,1496,2132,612.0
1404,1019.0,1357,1357,312.0
803,2158.0,2196,2196,701.0
1595,264.0,616,1304,336.0
1319,684.0,938,2358,0.0
2231,279.0,2726,2726,691.0
2162,939.0,939,1797,639.0
2622,0.0,1040,1040,625.0
1300,789.0,789,789,250.0
2505,1143.0,1143,1143,588.0
582,1489.0,1489,1489,462.0
1458,1004.0,1004,1852,660.0
281,960.0,960,960,0.0
1499,6110.0,4692,5642,1418.0
2298,768.0,768,768,624.0
2580,1124.0,1124,1124,353.0
568,612.0,612,1224,528.0
1807,1100.0,1100,1100,0.0
129,782.0,1019,1556,470.0
2294,1244.0,1356,1356,528.0
1860,1262.0,1262,1262,460.0
839,799.0,827,1661,550.0
2349,945.0,945,1857,482.0
1903,666.0,666,666,0.0
234,1117.0,1117,1981,522.0
2172,901.0,901,1351,576.0
2588,1005.0,1005,1005,319.0
1289,1510.0,1584,2792,520.0
1596,550.0,925,1475,336.0
264,1978.0,1978,1978,850.0
451,1598.0,1606,1606,871.0
536,1158.0,1158,1158,0.0
43,1822.0,1822,1822,678.0
2223,1809.0,2259,2259,450.0
2009,1065.0,915,1635,440.0
394,1002.0,1002,1002,902.0
1738,616.0,616,1412,432.0
1196,1728.0,1728,1728,576.0
828,1282.0,1290,1290,662.0
1694,1994.0,2046,2046,878.0
571,729.0,742,1471,440.0
1192,1522.0,1548,2614,624.0
1806,1580.0,1580,2466,610.0
962,1466.0,1466,1466,610.0
2142,969.0,969,969,440.0
1648,1529.0,1664,1664,663.0
618,1680.0,1691,1691,550.0
2108,1208.0,1208,1208,628.0
772,1052.0,1052,1052,668.0
2672,972.0,972,1577,312.0
2492,882.0,909,909,294.0
2903,1838.0,1838,1838,682.0
2783,675.0,686,1388,317.0
786,1617.0,1867,1867,303.0
740,1145.0,1301,1301,440.0
2546,1251.0,1251,1251,461.0
851,1431.0,1444,1444,577.0
1833,1453.0,1453,2810,750.0
76,923.0,923,923,264.0
2151,1028.0,1210,2452,683.0
1880,0.0,1224,1224,530.0
2907,1237.0,1337,1337,405.0
1831,1390.0,1701,1701,611.0
2836,1093.0,1093,1669,288.0
1955,952.0,952,952,288.0
1926,922.0,922,922,308.0
2924,1126.0,1126,1126,484.0
1003,1280.0,1280,1280,506.0
1667,914.0,914,914,368.0
2905,1288.0,1368,1368,784.0
921,771.0,753,1494,213.0
1780,1524.0,1534,1534,484.0
746,952.0,994,1582,250.0
254,1673.0,1699,3222,594.0
606,1516.0,1516,1516,472.0
2703,0.0,1032,1032,260.0
1306,448.0,1588,1588,0.0
2102,1316.0,1316,1316,440.0
1784,1528.0,1528,1528,480.0
941,760.0,928,2168,576.0
2699,806.0,1081,1422,288.0
2127,990.0,990,990,0.0
2607,1088.0,1324,1324,440.0
1754,924.0,948,1690,463.0
1367,825.0,825,825,720.0
580,727.0,829,1556,441.0
341,1152.0,1152,1797,616.0
26,1056.0,1056,1056,304.0
2667,1107.0,1518,3608,840.0
2884,1573.0,1778,1778,495.0
28,864.0,864,864,0.0
531,1221.0,1221,1221,400.0
2189,660.0,740,865,216.0
2508,600.0,520,1223,480.0
573,691.0,713,1452,506.0
1363,880.0,880,1308,400.0
487,384.0,744,1374,400.0
1083,1346.0,1504,1504,437.0
1620,384.0,754,1384,390.0
1929,1204.0,1411,1411,310.0
1820,970.0,970,970,624.0
1398,864.0,904,904,912.0
2177,0.0,1100,2233,579.0
2144,385.0,875,875,728.0
2697,520.0,520,754,0.0
1403,1364.0,1663,1663,529.0
596,925.0,925,925,429.0
922,728.0,976,1308,256.0
2065,1240.0,1375,1375,323.0
1710,1317.0,1217,2385,818.0
1034,896.0,896,1792,480.0
1057,2418.0,2464,2464,650.0
470,1386.0,1569,1569,660.0
819,1555.0,1680,1680,1138.0
2160,1337.0,1337,1337,531.0
2552,816.0,816,816,240.0
41,1541.0,1541,1541,532.0
742,884.0,989,1573,240.0
686,832.0,832,1461,384.0
314,1958.0,2048,2048,776.0
1630,903.0,910,1642,392.0
191,738.0,868,1470,624.0
1626,938.0,957,2299,482.0
59,884.0,884,2035,434.0
2632,925.0,999,999,300.0
1835,1378.0,1378,1378,540.0
2675,793.0,793,1118,410.0
1503,1440.0,1440,1440,0.0
1963,1010.0,1134,1134,254.0
1352,833.0,1053,1848,370.0
1519,1181.0,1390,1694,576.0
1305,901.0,901,901,281.0
2014,861.0,861,1409,528.0
1,1080.0,1656,1656,528.0
1052,1682.0,1742,2332,846.0
622,1113.0,1113,1113,264.0
913,816.0,1232,1232,440.0
1058,1950.0,1950,1950,706.0
2348,1845.0,1872,1872,604.0
1527,676.0,676,1264,400.0
1011,1168.0,1168,2500,683.0
1332,784.0,784,784,0.0
709,0.0,612,612,308.0
209,1032.0,1207,2403,349.0
619,1416.0,1644,1644,418.0
2150,860.0,860,1729,542.0
2704,830.0,879,879,180.0
2839,864.0,864,864,572.0
1242,1196.0,1196,1196,297.0
2714,672.0,672,1400,440.0
799,755.0,755,1510,296.0
1260,0.0,694,1294,0.0
2107,1240.0,1240,1240,826.0
2486,988.0,988,988,624.0
1911,1560.0,1560,1560,792.0
896,1078.0,1368,1368,195.0
272,1473.0,1484,1484,606.0
2521,1226.0,1226,1226,484.0
2324,1160.0,1169,1169,402.0
1953,725.0,1035,1651,276.0
887,816.0,816,816,288.0
1479,1564.0,1564,1564,814.0
1317,482.0,1221,1912,672.0
1750,1510.0,1525,1525,534.0
2815,728.0,728,1456,390.0
2692,396.0,665,1330,390.0
1090,840.0,840,1720,400.0
1912,793.0,1280,1280,432.0
1634,1166.0,1179,1179,480.0
1974,850.0,960,960,576.0
1764,2633.0,2633,2633,804.0
634,988.0,988,988,297.0
1683,1061.0,1055,1055,319.0
2199,1290.0,1422,1422,352.0
2789,630.0,630,1320,484.0
1018,1675.0,1688,1688,528.0
14,1300.0,1341,1341,506.0
2782,911.0,954,954,576.0
2626,0.0,1040,1040,400.0
1175,858.0,872,1789,546.0
1232,1319.0,1537,1537,462.0
2590,884.0,884,884,270.0
2463,1489.0,1489,1489,776.0
2358,1040.0,1309,1309,484.0
2911,942.0,1291,2521,576.0
1699,1626.0,1634,1634,866.0
115,980.0,980,1714,496.0
1998,819.0,1312,2454,576.0
589,1216.0,1216,1216,336.0
1641,1419.0,1419,1419,567.0
2821,945.0,980,980,0.0
1846,756.0,769,1573,440.0
1805,1158.0,1158,2443,744.0
1853,1220.0,1220,2362,1105.0
1321,1237.0,1521,2775,880.0
564,2014.0,2014,2014,864.0
1771,1203.0,1214,2520,721.0
90,1208.0,1494,1494,461.0
2684,616.0,616,616,205.0
13,789.0,789,1465,393.0
445,3206.0,1629,1629,880.0
1914,912.0,912,912,275.0
2811,1552.0,1552,1552,782.0
850,1413.0,1430,1430,605.0
1844,729.0,729,1458,440.0
2225,1488.0,1488,1488,552.0
1477,770.0,770,1582,520.0
399,864.0,864,864,660.0
2431,732.0,734,1838,372.0
1605,816.0,816,816,264.0
897,0.0,1088,1529,240.0
1426,2271.0,2276,2276,1348.0
2240,961.0,1077,1077,338.0
1706,1582.0,1610,2161,789.0
2252,1409.0,1409,1409,576.0
1136,1114.0,1114,1114,576.0
1877,1073.0,1073,1073,515.0
424,3094.0,2402,2402,672.0
1182,1232.0,1232,1232,516.0
2750,1344.0,1440,1440,920.0
1016,1488.0,1488,1488,738.0
2436,783.0,807,1509,393.0
1607,845.0,845,845,264.0
2337,1410.0,1426,2945,641.0
1233,1099.0,1431,1431,296.0
419,892.0,892,892,288.0
633,1329.0,1329,1329,441.0
2722,1763.0,1779,1779,454.0
469,1373.0,1555,1555,660.0
1365,768.0,788,1236,384.0
1098,831.0,873,1651,450.0
711,190.0,886,886,273.0
2808,1682.0,1700,1700,544.0
1959,1040.0,1168,1846,315.0
2720,1052.0,1252,1920,451.0
2170,1088.0,1088,1088,520.0
603,1040.0,1362,1362,768.0
2113,1314.0,1314,1314,440.0
1146,1278.0,1294,1294,496.0
2105,1274.0,1274,1274,508.0
1786,1689.0,1689,1689,954.0
961,1641.0,1641,1641,885.0
1405,570.0,617,1079,249.0
1324,984.0,984,984,308.0
1986,960.0,960,960,308.0
307,540.0,1044,1044,504.0
180,1027.0,1027,1633,240.0
2896,1112.0,1137,1137,551.0
668,1380.0,1380,1380,364.0
1582,1256.0,1256,1256,578.0
2285,1142.0,1142,1142,528.0
2079,1202.0,2158,2158,576.0
2272,1616.0,1629,1629,808.0
2250,1084.0,1080,1080,484.0
502,1347.0,1372,2646,656.0
2166,738.0,738,1491,484.0
1622,392.0,924,1694,398.0
1299,684.0,684,1080,0.0
832,704.0,704,1422,440.0
2470,1293.0,1301,1301,572.0
1017,791.0,1236,2093,542.0
1384,1073.0,1073,1073,270.0
1790,1494.0,1506,1506,672.0
2530,1334.0,1334,1334,477.0
2893,0.0,1295,1295,312.0
2027,672.0,672,1344,456.0
683,732.0,732,732,240.0
823,1468.0,1468,1468,904.0
2374,1069.0,1069,1069,440.0
1594,1040.0,1040,1040,499.0
2049,925.0,999,999,308.0
1813,1349.0,1349,1349,539.0
365,1424.0,1442,1442,500.0
176,747.0,747,747,220.0
510,1573.0,1578,1578,840.0
1326,0.0,882,882,308.0
2423,1368.0,1511,1511,398.0
1631,1302.0,1128,1128,480.0
1263,1312.0,1312,1312,495.0
1046,630.0,630,1302,264.0
47,2846.0,2696,2696,958.0
1424,628.0,628,1356,484.0
429,1104.0,1130,2184,836.0
1031,803.0,1098,1964,483.0
1635,1312.0,1321,1321,484.0
309,1594.0,1646,1646,525.0
1020,1260.0,1260,1260,598.0
178,926.0,926,1316,484.0
1975,264.0,768,1432,360.0
2096,779.0,1029,1958,499.0
865,1753.0,1788,1788,522.0
385,832.0,832,1935,552.0
1362,1272.0,1272,1969,400.0
1091,847.0,847,1986,434.0
317,1214.0,1214,1214,520.0
1076,1342.0,1342,1342,550.0
1573,1565.0,2898,2898,665.0
485,870.0,878,2004,644.0
2021,960.0,986,986,180.0
2032,637.0,1108,1108,280.0
2604,672.0,694,1214,936.0
1615,2217.0,2217,2217,621.0
2736,697.0,1575,2201,432.0
473,1220.0,1220,1220,397.0
1316,689.0,689,1378,360.0
244,0.0,930,930,308.0
152,988.0,988,988,264.0
1588,1964.0,1964,1964,892.0
2111,1270.0,1270,1270,524.0
813,0.0,1120,2240,528.0
1854,1494.0,1494,1494,478.0
2575,1179.0,1364,1364,331.0
867,1440.0,1476,2153,736.0
2879,637.0,897,1336,570.0
1494,746.0,760,1656,397.0
2771,781.0,795,1499,473.0
496,1462.0,1490,2794,810.0
1651,848.0,1118,2030,551.0
1913,1218.0,1254,1254,525.0
2790,1065.0,1091,1989,586.0
1541,1898.0,1898,1898,484.0
1684,988.0,988,988,360.0
301,1501.0,1801,1801,484.0
1569,0.0,936,1872,484.0
2153,1531.0,1531,2439,560.0
1467,850.0,886,1764,560.0
2540,864.0,1200,1200,884.0
2368,494.0,494,1030,264.0
874,1057.0,1057,2034,645.0
463,1405.0,1405,1405,478.0
784,1134.0,1229,1229,284.0
2149,979.0,992,1932,610.0
2069,967.0,1299,1299,494.0
1743,1258.0,1402,1402,648.0
472,1346.0,1504,1504,457.0
1921,1442.0,1442,1442,301.0
2778,951.0,951,1779,586.0
526,1082.0,1082,1953,1043.0
2795,872.0,872,1909,529.0
478,868.0,868,1630,436.0
2841,686.0,686,1250,280.0
119,1328.0,1328,1328,528.0
1960,876.0,988,988,276.0
1277,854.0,854,1278,240.0
2466,858.0,858,1716,615.0
2844,498.0,498,498,216.0
1028,1420.0,1420,2840,1314.0
1043,483.0,483,987,280.0
231,660.0,756,756,440.0
461,1712.0,1712,1712,701.0
33,1069.0,1069,1069,440.0
1795,1335.0,1335,1335,575.0
1073,1518.0,1518,1518,588.0
1576,920.0,920,1780,612.0
2044,771.0,866,1484,264.0
185,686.0,966,1652,416.0
1828,1223.0,1271,2503,564.0
344,1952.0,2000,2704,538.0
2152,1556.0,1592,1592,484.0
1752,384.0,754,1394,400.0
2637,686.0,810,1328,210.0
1000,1593.0,1593,1593,682.0
727,720.0,720,720,0.0
2612,912.0,912,912,288.0
2422,1273.0,1456,1456,400.0
752,672.0,1272,1944,216.0
15,1488.0,1502,1502,528.0
2319,1074.0,1074,2064,527.0
2681,1042.0,1042,1576,225.0
1006,773.0,773,1658,431.0
2596,713.0,713,713,371.0
2002,718.0,1576,2554,704.0
55,384.0,744,1374,400.0
2104,1482.0,1482,2574,868.0
1682,804.0,804,1548,440.0
977,1188.0,1404,1404,504.0
2548,720.0,720,1440,480.0
340,1679.0,1803,1803,482.0
1487,1272.0,1272,2200,0.0
1423,672.0,1302,2037,472.0
1342,1057.9878048780488,896,896,280.0
1949,1151.0,845,1281,580.0
2444,1044.0,1079,1976,885.0
345,945.0,945,1608,470.0
650,0.0,1210,1210,616.0
192,988.0,1030,1612,363.0
1945,1216.0,1216,1728,371.0
2277,1094.0,1133,2482,642.0
1266,585.0,2069,2069,505.0
674,1478.0,1478,1478,498.0
2823,796.0,806,1724,616.0
2772,1425.0,1425,1425,591.0
2015,672.0,899,1322,280.0
2642,712.0,848,1428,576.0
144,1194.0,1194,1194,312.0
1712,895.0,895,1818,774.0
1708,1706.0,1718,2956,916.0
2890,1128.0,1210,1210,528.0
1157,1001.0,1001,1641,490.0
2550,1008.0,1053,1053,750.0
1104,1064.0,1064,2125,576.0
2183,547.0,1072,1072,525.0
2887,1664.0,1664,1664,616.0
29,1405.0,1337,1337,511.0
108,1226.0,1226,1226,484.0
2286,546.0,546,1092,253.0
1533,715.0,849,1660,240.0
376,1427.0,1671,1671,484.0
800,1054.0,1061,1061,462.0
1395,672.0,672,672,240.0
388,1621.0,1621,1621,478.0
1689,1734.0,1734,1734,928.0
716,849.0,1075,2138,360.0
2737,672.0,1337,2009,795.0
120,950.0,1225,1225,0.0
1230,1362.0,1362,1362,504.0
2047,756.0,756,1134,240.0
1293,1362.0,1362,2082,484.0
1915,874.0,874,1524,315.0
1968,1800.0,1800,1800,0.0
1766,1389.0,1411,2582,758.0
268,1649.0,1661,1661,598.0
729,1324.0,1072,1576,528.0
902,672.0,960,960,288.0
993,926.0,926,1604,470.0
766,683.0,904,904,0.0
903,684.0,684,1196,528.0
1221,270.0,729,729,0.0
1719,1362.0,1362,1362,460.0
1521,940.0,1024,1964,0.0
2707,0.0,1296,1296,516.0
987,624.0,624,1287,440.0
2558,504.0,936,1252,576.0
1778,1905.0,1905,1905,788.0
2601,1120.0,1130,1130,720.0
74,831.0,831,1659,484.0
2190,894.0,894,894,400.0
701,600.0,1101,1701,0.0
2556,440.0,869,869,0.0
2293,923.0,1008,1008,678.0
787,0.0,1733,1733,452.0
595,1568.0,1568,1568,440.0
66,2033.0,2053,3238,666.0
846,928.0,928,1772,492.0
594,864.0,864,864,312.0
792,747.0,892,1639,240.0
1200,1142.0,1175,2715,831.0
768,585.0,687,1112,226.0
174,1347.0,1347,1347,551.0
1889,964.0,964,964,784.0
1023,1330.0,1542,2872,619.0
363,1158.0,1167,1167,400.0
1401,1524.0,1524,1524,478.0
1978,936.0,936,936,672.0
2097,1264.0,1282,2696,792.0
2840,954.0,1482,1482,609.0
862,768.0,768,768,396.0
507,1468.0,1468,1468,898.0
1262,912.0,1044,1044,372.0
1228,1036.0,1036,1036,312.0
1288,680.0,680,1360,330.0
1243,1392.0,1392,1392,458.0
1850,975.0,975,1950,576.0
1589,1344.0,1344,1344,784.0
1658,1484.0,1484,1484,487.0
446,1760.0,1760,1760,583.0
1097,1037.0,1037,2322,400.0
2329,1742.0,1742,1742,564.0
1909,768.0,968,1376,240.0
2608,1024.0,1086,1086,484.0
656,660.0,808,1656,180.0
1690,2108.0,2122,2122,938.0
2853,1008.0,1008,1522,0.0
2229,1696.0,1696,1696,625.0
1127,1034.0,1050,2078,836.0
2606,796.0,1096,1466,566.0
1268,876.0,876,876,576.0
2809,851.0,851,1737,578.0
529,1652.0,1662,1662,711.0
476,1010.0,1010,2267,390.0
2566,1584.0,1584,1584,506.0
1902,0.0,334,334,0.0
1547,796.0,796,796,0.0
1185,952.0,952,1812,469.0
2372,525.0,525,1092,264.0
2282,1632.0,1632,1632,576.0
910,824.0,1687,3082,672.0
1128,813.0,822,1665,562.0
1659,702.0,1041,1743,539.0
1852,1054.0,1072,2048,552.0
456,1314.0,1314,1314,626.0
2410,1405.0,1405,1405,478.0
1296,931.0,1027,1027,0.0
2682,741.0,741,1324,180.0
237,663.0,1074,1074,467.0
1666,925.0,1422,1422,576.0
2666,1200.0,1200,1200,312.0
662,560.0,930,1690,624.0
2490,506.0,1212,1212,492.0
672,1105.0,1105,1105,308.0
2915,546.0,546,1092,253.0
452,1358.0,1358,1358,484.0
321,967.0,993,1908,431.0
2124,794.0,882,1796,546.0
1278,1800.0,1800,1800,0.0
914,976.0,1160,1608,216.0
579,1281.0,1620,1620,490.0
1418,616.0,616,1111,200.0
1166,744.0,757,1501,440.0
1797,725.0,725,1588,561.0
2568,1235.0,1235,1235,480.0
2075,409.0,1325,1325,576.0
2445,1160.0,1205,2234,768.0
229,1306.0,1306,2260,533.0
1663,372.0,576,1109,288.0
2727,1000.0,1000,1000,575.0
2226,516.0,529,1045,462.0
130,858.0,858,858,0.0
1675,1405.0,1337,1337,522.0
2038,808.0,838,1315,436.0
2416,1326.0,1326,1326,427.0
2507,600.0,520,1200,480.0
269,848.0,848,848,420.0
981,796.0,796,796,336.0
2296,716.0,716,1432,531.0
940,672.0,672,1344,468.0
475,716.0,716,1432,432.0
2404,1364.0,1364,1364,484.0
2491,984.0,984,984,310.0
601,864.0,864,864,308.0
1640,1612.0,1612,1612,556.0
2926,1003.0,1003,1003,588.0
653,1200.0,1200,1200,246.0
2406,1368.0,1368,1368,474.0
2701,0.0,1640,1640,394.0
1472,1838.0,1838,1838,721.0
417,855.0,855,1456,440.0
2664,684.0,684,1368,216.0
283,735.0,798,1487,220.0
302,796.0,796,1154,240.0
2053,980.0,1020,1020,528.0
2662,540.0,889,1440,352.0
99,600.0,600,1236,480.0
2674,1004.0,1004,1664,420.0
1218,1100.0,1100,1100,312.0
2547,1008.0,1488,1488,430.0
197,835.0,955,1453,240.0
2091,910.0,1442,1442,719.0
87,882.0,900,900,280.0
690,1045.0,1045,1045,264.0
2364,1487.0,1419,1419,543.0
2050,1420.0,1452,1452,572.0
769,520.0,1464,1464,480.0
348,1746.0,1746,1746,758.0
200,928.0,928,1536,480.0
2759,1734.0,1734,1734,660.0
1700,1976.0,1976,1976,908.0
876,1212.0,1212,1212,573.0
2536,1052.0,1052,1052,288.0
1821,1057.0,1057,1057,576.0
2743,1000.0,1068,1609,305.0
1329,672.0,1195,1668,252.0
1451,924.0,924,924,280.0
936,561.0,561,1229,462.0
1948,882.0,882,882,0.0
1839,1352.0,1352,1352,466.0
2057,948.0,948,948,300.0
558,864.0,864,864,440.0
2731,430.0,880,1700,450.0
791,1276.0,1276,1276,350.0
1421,1602.0,1626,1626,534.0
2881,480.0,480,480,308.0
2820,976.0,1012,1012,0.0
1609,864.0,889,889,484.0
1495,1029.0,1117,1117,542.0
2388,1117.0,1132,2452,691.0
938,1803.0,2365,2365,551.0
1194,912.0,912,912,576.0
2429,1520.0,1567,1567,648.0
1937,384.0,1360,1360,572.0
1847,756.0,769,1525,440.0
1550,780.0,780,1200,0.0
2705,1073.0,1073,1073,246.0
2713,1051.0,1159,1159,336.0
1938,1190.0,1040,1540,352.0
1819,894.0,894,894,308.0
23,814.0,814,1674,663.0
2289,546.0,546,1092,286.0
1156,1430.0,1430,1430,484.0
2717,960.0,1040,1040,616.0
2101,1494.0,1494,1494,840.0
1377,981.0,1075,1075,440.0
1381,992.0,992,992,294.0
2502,1338.0,1352,2520,796.0
2609,1083.0,1146,1146,294.0
505,1629.0,1686,2448,711.0
1126,1026.0,1026,1958,936.0
2914,630.0,630,630,0.0
393,896.0,896,1792,0.0
2405,1560.0,1565,1565,556.0
67,1595.0,1595,1595,880.0
2227,1680.0,1680,1680,628.0
669,1040.0,1040,1040,480.0
1772,1318.0,1328,2531,752.0
1775,1325.0,1335,2538,933.0
403,483.0,483,987,264.0
2792,840.0,840,1755,530.0
1247,1152.0,1152,1152,636.0
384,926.0,1016,1884,581.0
91,750.0,1061,1923,564.0
863,1569.0,1611,1611,1231.0
1857,1437.0,1437,1437,528.0
1870,1148.0,1091,2075,473.0
2318,1670.0,1670,1670,690.0
2100,2140.0,2140,2140,894.0
1213,1219.0,1265,1265,502.0
2046,1598.0,1636,3086,0.0
710,600.0,600,968,0.0
2268,1267.0,1312,1312,471.0
816,1168.0,1168,2787,820.0
1616,847.0,847,1733,433.0
2233,720.0,720,1215,720.0
439,1739.0,1743,1743,927.0
260,1026.0,1026,1026,308.0
2523,1842.0,1842,1842,894.0
627,768.0,1186,1986,486.0
251,1187.0,1208,1208,632.0
2163,1422.0,1422,1422,626.0
2819,836.0,1220,1220,396.0
1025,1126.0,1126,1126,540.0
2592,1015.0,1384,1384,896.0
1491,1127.0,1127,1127,480.0
2742,994.0,1216,1855,325.0
2497,912.0,1236,1236,288.0
495,1252.0,1268,2365,856.0
2528,1054.0,1512,2654,619.0
1033,1236.0,1236,2340,787.0
764,1200.0,1200,1200,0.0
1165,689.0,703,1392,540.0
2037,1138.0,1138,2180,720.0
113,1610.0,1610,1610,480.0
1572,1277.0,1501,1501,512.0
2052,1029.0,1029,1029,261.0
2702,1062.0,1352,1352,288.0
1981,808.0,1072,1072,379.0
2335,1850.0,1850,2698,736.0
563,912.0,912,912,252.0
1502,0.0,1152,1152,0.0
1310,624.0,730,1450,288.0
2598,1073.0,1073,1073,326.0
2715,1176.0,1458,1458,512.0
1810,1461.0,1486,1486,566.0
778,552.0,904,1774,384.0
339,864.0,864,1479,275.0
2460,1504.0,1504,1504,510.0
320,817.0,824,1894,510.0
2461,1278.0,1278,1278,584.0
2449,1141.0,1165,2263,420.0
817,1168.0,1168,2787,820.0
1096,707.0,707,1414,403.0
1893,1302.0,1302,1302,309.0
479,408.0,779,1419,527.0
1657,1625.0,1220,1220,944.0
937,572.0,1182,1982,501.0
879,848.0,848,848,420.0
945,1596.0,1648,1648,482.0
1010,1337.0,1337,1337,462.0
2861,901.0,1125,1717,410.0
1245,1104.0,1104,1104,384.0
854,907.0,907,907,343.0
1437,782.0,782,1652,532.0
586,932.0,1271,2640,515.0
1947,735.0,735,1034,240.0
815,0.0,1513,1513,400.0
831,1498.0,1498,1498,844.0
1919,1053.0,1053,1053,692.0
2306,1178.0,1293,1293,452.0
430,2020.0,2020,2020,896.0
2618,1438.0,1900,2448,441.0
245,741.0,977,1732,476.0
462,1324.0,1324,1324,550.0
182,678.0,832,832,780.0
1625,1237.0,1253,1253,402.0
2381,1249.0,1249,2596,840.0
1827,876.0,902,902,288.0
1580,1495.0,1495,1495,438.0
1803,1574.0,1584,1584,594.0
1132,1080.0,1080,1080,0.0
1941,1105.0,1647,1647,280.0
1742,1258.0,1258,1258,648.0
2026,698.0,698,1396,384.0
2245,837.0,1001,1001,216.0
1691,2121.0,2121,2121,732.0
725,972.0,1044,1480,207.0
1787,1588.0,1588,1588,825.0
1216,1053.0,1053,1053,312.0
2654,492.0,492,492,200.0
2310,1851.0,1851,1851,506.0
761,698.0,754,1403,308.0
1884,588.0,1138,1138,264.0
449,2452.0,2452,2452,886.0
856,1040.0,1040,1040,484.0
11,763.0,763,1655,440.0
389,1116.0,1116,1116,528.0
2415,879.0,879,1863,660.0
77,1055.0,1055,1845,462.0
1238,1176.0,1176,1176,292.0
223,864.0,892,892,416.0
723,1022.0,1022,1022,280.0
2562,2136.0,2136,2136,528.0
995,926.0,926,1604,472.0
287,806.0,841,1647,216.0
1152,864.0,864,864,420.0
1449,1076.0,1076,1076,576.0
1330,742.0,779,935,308.0
1134,835.0,835,1663,478.0
706,768.0,768,1328,308.0
1617,806.0,806,1572,373.0
1339,739.0,874,1342,240.0
1664,981.0,981,981,576.0
1433,1099.0,1099,1099,352.0
75,948.0,1222,2110,463.0
2255,970.0,1026,1026,528.0
1170,1419.0,1419,1419,588.0
45,2330.0,2364,2364,820.0
836,1040.0,1040,1040,576.0
8,1280.0,1280,1280,506.0
1704,1143.0,1143,2473,852.0
2068,680.0,798,1302,224.0
1488,1092.0,1092,1092,264.0
1391,988.0,1188,1188,621.0
2633,1045.0,1045,1045,528.0
1872,1093.0,1093,1093,484.0
1138,798.0,798,1640,520.0
1899,0.0,1224,1224,462.0
915,560.0,575,1135,576.0
660,1054.0,1078,1078,264.0
2004,0.0,968,968,331.0
443,1462.0,1462,2224,738.0
2627,0.0,1040,1040,400.0
1438,873.0,882,1790,588.0
1525,588.0,1423,2555,672.0
2644,813.0,813,813,270.0
866,1299.0,1299,1872,531.0
620,1050.0,1050,1050,338.0
2451,1733.0,1933,3500,959.0
2186,864.0,948,948,248.0
2025,750.0,960,1316,576.0
1916,1021.0,1465,2380,596.0
1542,1296.0,1640,1640,924.0
1163,600.0,600,1200,480.0
205,662.0,662,1324,180.0
2261,1546.0,1564,1564,502.0
423,1926.0,1966,3140,820.0
2687,1595.0,1611,2486,576.0
1436,864.0,872,1771,600.0
444,1836.0,1836,1836,862.0
1067,1603.0,1575,1575,732.0
2290,630.0,630,630,0.0
168,1395.0,1395,1395,440.0
2643,502.0,502,1004,200.0
2802,1860.0,1836,1836,484.0
1224,1296.0,1496,1496,450.0
1382,894.0,894,894,450.0
853,1040.0,1040,1040,0.0
2237,859.0,942,1828,473.6717073170732
2585,1008.0,1008,1008,280.0
2193,864.0,864,864,528.0
2262,1476.0,1484,1484,472.0
1528,768.0,790,790,160.0
370,1122.0,946,1934,567.0
2629,1150.0,1150,1150,300.0
1703,1582.0,1582,2152,728.0
793,672.0,672,672,234.0
1429,1401.0,1511,1511,811.0
648,793.0,793,793,240.0
279,1008.0,1096,1096,352.0
1705,918.0,958,2100,786.0
1257,913.0,1048,1558,288.0
2894,1632.0,1650,1650,518.0
1062,948.0,948,2088,656.0
1729,768.0,768,1536,400.0
1925,1331.0,1721,1721,464.0
415,804.0,804,1548,440.0
78,918.0,918,918,264.0
428,1365.0,1365,2690,864.0
1756,953.0,953,1647,460.0
1280,825.0,825,825,350.0
1928,1657.0,1657,1657,484.0
2671,788.0,788,788,0.0
2501,1334.0,1520,2826,888.0
225,864.0,864,864,280.0
2317,1392.0,1392,2462,576.0
160,1063.0,1287,1287,576.0
100,1470.0,1478,1478,484.0
482,698.0,698,1342,393.0
177,788.0,804,804,240.0
1971,864.0,876,1812,264.0
484,952.0,980,2256,554.0
1561,1596.0,1648,1648,525.0
992,952.0,1092,2112,576.0
73,956.0,956,2084,618.0
2646,1032.0,1032,1032,280.0
994,680.0,680,1470,420.0
2138,1040.0,1040,1040,748.0
2013,884.0,884,884,240.0
2126,1097.0,1097,1097,242.0
898,864.0,864,864,0.0
1048,855.0,855,1456,460.0
2676,816.0,816,1176,528.0
2498,912.0,941,941,288.0
1560,1600.0,1652,1652,482.0
296,1152.0,1188,2340,252.0
354,384.0,751,1382,396.0
970,1008.0,1008,1008,384.0
884,608.0,608,1396,440.0
1894,845.0,845,2154,539.0
450,1082.0,1105,2400,730.0
2031,1040.0,1226,1818,240.0
949,1710.0,1710,1710,550.0
1907,1078.0,1150,1150,288.0
1906,816.0,1127,1977,540.0
549,1332.0,1332,1332,542.0
243,1250.0,1298,1298,504.0
1697,1935.0,1973,1973,895.0
2365,525.0,525,1092,440.0
310,1049.0,1036,1916,741.0
1961,864.0,1238,1238,357.0
849,944.0,944,1840,622.0
2018,939.0,939,1513,180.0
1328,1008.0,1143,1143,288.0
801,520.0,1338,1338,576.0
400,864.0,864,864,463.0
1650,808.0,1161,1969,534.0
1084,1266.0,1266,1266,388.0
1522,612.0,990,2601,621.0
2496,912.0,912,912,0.0
220,1392.0,1392,1392,528.0
1254,1824.0,1824,1824,484.0
1443,928.0,928,1823,626.0
2885,1594.0,1646,1646,525.0
2920,546.0,546,1092,0.0
1197,1728.0,1728,1728,576.0
848,1573.0,1573,1573,544.0
926,920.0,1240,2480,400.0
2158,1341.0,1341,1341,482.0
1555,173.0,825,1361,185.0
278,744.0,792,1120,480.0
2522,1226.0,1226,1226,484.0
434,1734.0,1734,2822,1020.0
2683,1103.0,1103,1103,440.0
2173,1179.0,1179,1179,622.0
894,698.0,698,698,0.0
1066,998.0,1006,2046,871.0
1261,858.0,858,1716,490.0
537,835.0,871,1812,478.0
2301,1090.0,1178,1178,502.0
2854,818.0,818,1636,288.0
2649,576.0,864,864,528.0
2776,1588.0,1588,1588,472.0
2403,1420.0,1426,1914,746.0
2355,675.0,1109,1875,485.0
1983,649.0,679,1183,308.0
547,816.0,833,1730,528.0
1842,625.0,625,1250,528.0
2748,868.0,1313,2559,506.0
2425,1365.0,1548,1548,388.0
2837,658.0,658,1184,0.0
2456,1670.0,1670,1670,928.0
2114,1157.0,1180,2062,454.0
1890,894.0,894,894,312.0
621,856.0,1112,1668,271.0
1427,1751.0,1766,1766,874.0
1728,768.0,768,1496,572.0
2472,1400.0,1400,1400,612.0
610,744.0,825,2140,549.0
1950,656.0,968,968,216.0
94,1488.0,1488,1488,506.0
1745,1266.0,1266,1266,388.0
744,715.0,875,875,180.0
1859,528.0,1094,1855,512.0
2343,1208.0,1621,1621,440.0
1713,1614.0,1614,1614,878.0
1816,630.0,630,1266,283.0
2390,1030.0,1038,2098,878.0
364,978.0,1005,1983,490.0
684,528.0,1183,1183,288.0
32,525.0,525,1092,264.0
1698,2153.0,2069,2643,694.0
1129,1660.0,1660,1660,660.0
165,900.0,900,900,576.0
935,561.0,561,1229,462.0
1802,874.0,874,1761,578.0
250,1694.0,1694,1694,776.0
2668,624.0,624,1248,0.0
236,458.0,835,835,366.0
2117,1580.0,1079,1953,501.0
2029,592.0,933,1173,240.0
636,1215.0,1215,1215,297.0
1155,912.0,912,912,288.0
739,884.0,904,904,180.0
1608,983.0,983,1750,423.0
1087,839.0,864,1593,398.0
1774,1105.0,1105,2202,517.0
2816,1310.0,1310,1310,400.0
2194,948.0,948,948,280.0
523,1372.0,1448,1448,692.0
2767,1533.0,1533,1533,576.0
1837,1511.0,1565,1565,476.0
2284,1040.0,1060,1060,572.0
1434,990.0,990,990,672.0
2794,1753.0,1787,1787,748.0
2625,0.0,1040,1040,400.0
794,1089.0,1089,1089,252.0
708,861.0,861,861,288.0
286,1107.0,1296,1296,260.0
62,1720.0,1720,1720,527.0
1647,725.0,725,1479,484.0
2054,1040.0,1040,1040,264.0
1102,1519.0,1533,2172,687.0
654,972.0,972,972,240.0
1089,728.0,728,1456,400.0
604,1048.0,1728,1728,576.0
2838,784.0,949,1221,392.0
2777,842.0,856,1749,515.0
1723,1577.0,1577,1577,564.0
349,384.0,804,1474,400.0
2313,781.0,781,1671,423.0
2279,0.0,2034,2034,1041.0
1346,989.0,1245,2009,400.0
2770,1100.0,1100,1100,462.0
2923,1728.0,1728,1728,560.0
1619,916.0,916,1600,460.0
2178,1125.0,1125,1125,430.0
1160,1391.0,1391,1391,530.0
1755,854.0,864,1995,435.0
2412,728.0,728,1456,390.0
889,690.0,698,1426,440.0
2181,5095.0,5095,5095,1154.0
1186,1304.0,1682,1682,530.0
1613,1277.0,1277,1277,526.0
411,855.0,855,1456,440.0
810,0.0,1114,2228,720.0
548,626.0,626,1217,288.0
2179,1090.0,1090,1090,450.0
2746,810.0,1002,1456,280.0
1486,796.0,796,796,0.0
2168,1214.0,1214,1214,461.0
2061,955.0,955,955,386.0
1131,864.0,864,1728,673.0
2738,1836.0,1836,3672,836.0
929,1561.0,1561,1561,463.0
362,702.0,702,1481,343.0
652,699.0,801,1527,410.0
1466,798.0,798,1640,595.0
2087,1080.0,1080,1480,253.0
1442,963.0,963,1792,564.0
2744,980.0,1148,1148,308.0
1511,816.0,872,1393,300.0
2175,960.0,1044,1044,528.0
1236,1144.0,1144,1144,336.0
2448,1086.0,1086,1924,592.0
60,1393.0,1422,2599,779.0
346,1008.0,1008,2283,632.0
678,795.0,765,1133,900.0
2481,1398.0,1398,1398,542.0
2729,782.0,810,810,576.0
453,1306.0,1306,1306,624.0
2234,720.0,803,803,360.0
2007,910.0,910,1435,308.0
20,1542.0,2073,2073,500.0
2217,854.0,1096,1991,432.0
232,1067.0,1067,1067,436.0
1982,680.0,680,1174,576.0
1570,1680.0,1689,1689,432.0
195,608.0,608,1132,240.0
2307,1008.0,1024,1024,313.0
504,1173.0,1215,2232,623.0
1644,1440.0,1440,1440,467.0
939,880.0,1680,1680,540.0
1591,1092.0,1092,1092,0.0
2001,1559.0,1559,1559,812.0
2379,1980.0,1980,1980,770.0
1100,1470.0,1470,2630,696.0
1118,1341.0,1341,1861,851.0
1593,1200.0,1200,1200,850.0
2338,0.0,1547,2320,672.0
458,2200.0,2200,2200,685.0
1454,1777.0,1795,1795,534.0
641,1297.0,1297,1297,498.0
644,608.0,1319,1319,270.0
840,1463.0,1463,1463,539.0
1307,1470.0,1675,3493,870.0
1809,1094.0,1094,1094,576.0
56,860.0,860,1960,440.0
1905,808.0,808,808,308.0
2060,943.0,943,943,528.0
1085,1146.0,1246,1246,428.0
305,698.0,698,1128,528.0
671,951.0,951,951,480.0
833,1518.0,1644,1644,569.0
2891,1907.0,1959,1959,766.0
486,992.0,1022,2054,390.0
334,864.0,874,874,352.0
1804,1685.0,1685,1685,658.0
2690,693.0,693,693,0.0
299,982.0,1034,1034,598.0
466,745.0,745,1490,392.0
440,1713.0,1713,1713,856.0
378,1372.0,1472,1472,588.0
513,1113.0,1113,1971,689.0
1597,526.0,526,988,297.0
613,1208.0,1576,1576,368.0
2798,1065.0,1065,2049,467.0
239,756.0,1169,1531,209.0
1080,1358.0,1358,1358,484.0
375,832.0,1154,2050,529.0
1638,2660.0,2338,2338,1110.0
2593,2171.0,1392,2640,1008.0
623,1584.0,1584,1584,792.0
964,712.0,1375,2237,440.0
917,861.0,877,1477,216.0
122,1510.0,1510,1510,517.0
2443,1396.0,1407,2392,870.0
1354,810.0,1170,1716,672.0
2058,768.0,868,868,576.0
2326,935.0,955,1632,462.0
1222,991.0,1077,1077,205.0
1251,773.0,773,773,240.0
65,1195.0,1195,1839,486.0
498,1284.0,1310,2450,1069.0
749,728.0,1136,2019,532.0
1782,1623.0,1636,1636,865.0
477,384.0,744,1374,400.0
2826,547.0,1072,1072,525.0
1601,630.0,630,630,0.0
990,1184.0,1414,1414,601.0
1791,1686.0,1694,1694,636.0
2131,845.0,845,1690,517.0
371,845.0,1153,2353,484.0
2377,1055.0,1055,1055,319.0
1832,1044.0,1055,1055,542.0
561,864.0,1144,1144,264.0
1063,1148.0,1170,2332,756.0
325,912.0,912,1824,0.0
1577,352.0,712,1442,400.0
2851,747.0,892,1784,180.0
1410,1127.0,1236,2108,540.0
691,894.0,894,894,308.0
2691,596.0,834,1430,370.0
2780,936.0,936,1776,474.0
374,1602.0,1602,1602,529.0
1995,926.0,991,1650,468.0
602,864.0,864,864,300.0
1422,812.0,1101,2200,453.0
1056,1710.0,1710,1710,866.0
1151,912.0,912,912,352.0
1843,744.0,757,1501,440.0
2595,617.0,865,1310,398.0
1041,483.0,483,987,264.0
980,546.0,546,1092,286.0
1871,1680.0,1680,1680,528.0
2363,864.0,874,874,576.0
2880,0.0,729,729,0.0
1217,1252.0,1252,1252,528.0
1715,1298.0,1298,1828,876.0
112,1280.0,1280,2495,660.0
454,1306.0,1306,1306,624.0
2253,1454.0,1478,1478,506.0
560,912.0,912,912,300.0
303,480.0,540,540,200.0
1004,926.0,926,1604,470.0
2167,768.0,768,1536,400.0
2440,959.0,959,1671,472.0
2810,784.0,784,1611,572.0
2872,1844.0,1844,1844,540.0
1072,1367.0,1367,1367,484.0
1654,539.0,1040,1725,550.0
2394,1054.0,1054,2389,672.0
2212,851.0,867,1718,264.0
2628,1556.0,1556,1556,0.0
2526,1568.0,2156,2156,508.0
969,1978.0,1978,1978,920.0
306,859.0,859,1178,384.0
25,1078.0,1078,1078,500.0
311,1243.0,1285,1285,473.0
300,1191.0,1191,1191,531.0
2775,1479.0,1494,1494,576.0
2862,700.0,1180,1180,252.0
525,900.0,909,1795,782.0
2730,864.0,894,894,440.0
1892,1042.0,1042,1042,440.0
2288,546.0,546,1092,0.0
2728,1304.0,1304,2287,667.0
1065,1572.0,1572,2668,726.0
2842,864.0,964,1414,0.0
2011,600.0,608,1232,217.0
1140,754.0,754,1609,525.0
1051,1932.0,1932,1932,774.0
1587,1884.0,1728,1728,520.0
785,861.0,861,861,539.0
916,896.0,1172,1913,342.0
639,1200.0,1200,1200,294.0
10,994.0,1028,1804,442.0
